ENTRY,ENV,REP,GEN,Female,Male,Female x Male,Yield t/ha,yield g/plant (g),Plant Number,Ear weight (g),grain weight (g),Plant Height (m),Culm Diameter (cm),F. D. Female,F. D. Male,Dry matter mass (g),Root Weight (g)
1,CKOKWE OPT,I,45,CML434,MOZL10,CML434 x MOZL10,7,131,22,3593,2886,1.78,3.16,19/9,18/09,152,13
2,CKOKWE OPT,I,2,CML366,MOZL3,CML366 x MOZL3,6.81,128,24,3734,3063,1.96,3.22,20/09,19/09,172,14
3,CKOKWE OPT,I,37,CML366,MOZL9,CML366 x MOZL9,7.47,140,20,3316,2801,1.79,3.19,18/09,18/09,88,14
4,CKOKWE OPT,I,16,CML366,MOZL6,CML366 x MOZL6,7.51,141,23,3850,3240,2.04,3.27,19/09,18/09,135,31
5,CKOKWE OPT,I,26,CML439,MOZL7,CML439 x MOZL7,7.43,139,20,3496,2786,1.67,2.89,18/09,18/09,150,16
6,CKOKWE OPT,I,40,CML439,MOZL9,CML439 x MOZL9,5.71,107,26,3672,2786,1.55,2.75,17/09,16/09,94,14
7,CKOKWE OPT,I,7,CML532,MOZL3,CML532 x MOZL3,7.19,135,16,2841,2157,1.31,2.51,26/09,22/09,92,17
8,CKOKWE OPT,I,28,CML532,MOZL7,CML532 x MOZL7,6.24,117,20,3029,2340,1.56,2.74,27/09,23/09,177,34
9,CKOKWE OPT,I,10,CML434,MOZL5,CML434 x MOZL5,5.79,109,23,2994,2499,1.53,2.82,20/09,19/09,215,33
10,CKOKWE OPT,I,19,CML439,MOZL6,CML439 x MOZL6,6.23,117,22,3107,2568,1.14,2.15,25/09,20/09,153,38
11,CKOKWE OPT,I,35,CML532,MOZL8,CML532 x MOZL8,4.51,84,21,2245,1774,1.22,2.18,23/09,22/09,62,13
12,CKOKWE OPT,I,0,Check,Check,NAMULONGUE,4.05,76,13,1336,988,1.34,2.13,27/09,23/09,165,21
13,CKOKWE OPT,I,29,CML364,MOZL8,CML364 x MOZL8,3.33,63,20,2570,1250,1.57,2.86,22/09,19/09,69,10
14,CKOKWE OPT,I,14,CML532,MOZL5,CML532 x MOZL5,7.38,138,20,3499,2766,1.44,2.62,21/09,20/09,51,8
15,CKOKWE OPT,I,48,CML530,MOZL10,CML530 x MOZL10,10.61,199,12,2785,2387,1.41,2.58,22/09,20/09,87,11
16,CKOKWE OPT,I,30,CML366,MOZL8,CML366 x MOZL8,7.98,150,18,3259,2692,1.1,2.12,18/09,18/09,81,13
17,CKOKWE OPT,I,4,CML435,MOZL3,CML435 x MOZL3,10.45,196,13,3029,2546,1.38,2.5,20/09,19/09,153,38
18,CKOKWE OPT,I,17,CML434,MOZL6,CML434 x MOZL6,5.91,111,25,3360,2772,1.62,2.98,20/09,18/09,65,8
19,CKOKWE OPT,I,9,CML366,MOZL5,CML366 x MOZL5,8.04,151,21,3377,3166,1.54,2.81,20/09,19/09,87,15
20,CKOKWE OPT,I,43,CML364,MOZL10,CML364 x MOZL10,6.05,114,20,2878,2270,1.59,2.88,22/09,20/09,125,14
21,CKOKWE OPT,I,13,CML530,MOZL5,CML530 x MOZL5,5.47,103,18,3144,1845,1.39,2.71,20/09,19/09,68,10
22,CKOKWE OPT,I,32,CML435,MOZL8,CML435 x MOZL8,4.8,90,20,2223,1801,1.23,2.25,19/09,18/09,85,14
23,CKOKWE OPT,I,22,CML364,MOZL7,CML364 x MOZL7,7.21,135,25,4238,3381,1.57,2.75,23/09,20/09,191,39
24,CKOKWE OPT,I,39,CML435,MOZL9,CML435 x MOZL9,4.04,76,20,2076,1516,0.99,1.82,22/09,18/09,72,11
25,CKOKWE OPT,I,47,CML439,MOZL10,CML439 x MOZL10,3.04,57,15,1121,855,0.89,1.79,29/09,24/09,72,13
26,CKOKWE OPT,I,25,CML435,MOZL7,CML435 x MOZL7,5.85,110,13,2175,1425,1.53,2.85,24/09,20/09,85,11
27,CKOKWE OPT,I,49,CML532,MOZL10,CML532 x MOZL10,9.37,176,15,3294,2634,1.49,2.75,19/09,19/09,179,29
28,CKOKWE OPT,I,36,CML364,MOZL9,CML364 x MOZL9,6.82,128,11,1557,1407,1.28,2.28,19/09,18/09,96,13
29,CKOKWE OPT,I,5,CML439,MOZL3,CML439 x MOZL3,7.65,143,20,3492,2869,1.62,2.78,18/09,17/09,75,11
30,CKOKWE OPT,I,41,CML530,MOZL9,CML530 x MOZL9,6.97,131,20,3470,2615,1.63,2.71,19/09,16/09,178,30
31,CKOKWE OPT,I,15,CML364,MOZL6,CML364 x MOZL6,5.81,109,25,3280,2724,1.81,3.22,18/09,17/09,277,33
32,CKOKWE OPT,I,31,CML434,MOZL8,CML434 x MOZL8,6.51,122,23,3642,2808,1.62,2.85,19/09,18/09,75,12
33,CKOKWE OPT,I,21,CML532,MOZL6,CML532 x MOZL6,5.98,112,22,3167,2467,1.64,2.92,23/09,20/09,186,28
34,CKOKWE OPT,I,33,CML439,MOZL8,CML439 x MOZL8,5.4,101,15,1911,1520,1.36,2.56,20/09,18/09,155,30
35,CKOKWE OPT,I,44,CML366,MOZL10,CML366 x MOZL10,5.59,105,25,3204,2619,1.48,2.7,20/09,19/09,77,18
36,CKOKWE OPT,I,11,CML435,MOZL5,CML435 x MOZL5,7.6,143,18,3180,2565,1.61,2.77,20/09,18/09,105,19
37,CKOKWE OPT,I,8,CML364,MOZL5,CML364 x MOZL5,7.64,143,20,3382,2865,1.77,3.12,23/09,19/09,169,22
38,CKOKWE OPT,I,38,CML434,MOZL9,CML434 x MOZL9,5.72,107,20,2985,2145,1.71,3.18,22/09,19/09,103,22
39,CKOKWE OPT,I,24,CML434,MOZL7,CML434 x MOZL7,7.33,138,22,3790,3025,1.74,3.21,22/09,19/09,130,19
40,CKOKWE OPT,I,3,CML434,MOZL3,CML434 x MOZL3,9.36,175,26,5110,4561,1.88,3.24,19/09,18/09,74,11
41,CKOKWE OPT,I,6,CML530,MOZL3,CML530 x MOZL3,7.98,150,17,3299,2543,1.79,3.23,22/09,19/09,170,24
42,CKOKWE OPT,I,27,CML530,MOZL7,CML530 x MOZL7,8.37,157,22,4354,3452,1.98,3.25,21/09,20/09,182,19
43,CKOKWE OPT,I,42,CML532,MOZL9,CML532 x MOZL9,7.85,147,24,4397,3533,1.85,3.2,22/09,20/09,109,20
44,CKOKWE OPT,I,34,CML530,MOZL8,CML530 x MOZL8,9.34,175,23,5010,4029,1.84,3.19,19/09,18/09,56,15
45,CKOKWE OPT,I,18,CML435,MOZL6,CML435 x MOZL6,7.08,133,25,4103,3321,1.83,3.21,19/09,18/09,62,9
46,CKOKWE OPT,I,1,CML364,MOZL3,CML364 x MOZL3,5.26,99,22,4760,2170,1.92,3.25,22/09,20/09,157,13
47,CKOKWE OPT,I,46,CML435,MOZL10,CML435 x MOZL10,7.02,132,19,3209,2501,1.75,3.11,19/09,18/09,64,7
48,CKOKWE OPT,I,23,CML366,MOZL7,CML366 x MOZL7,6.89,129,25,4128,3230,1.96,3.24,22/09,20/09,59,10
49,CKOKWE OPT,I,12,CML439,MOZL5,CML439 x MOZL5,9.44,177,16,3458,2832,1.75,3.18,19/09,19/09,57,10
50,CKOKWE OPT,I,20,CML530,MOZL6,CML530 x MOZL6,7.83,147,23,4091,3375,1.86,3.17,22/09,20/09,114,22
51,CKOKWE OPT,II,19,CML439,MOZL6,CML439 x MOZL6,7.4,139,19,3298,2636,1.85,3.16,18/09,17/09,187,31
52,CKOKWE OPT,II,1,CML364,MOZL3,CML364 x MOZL3,8.88,167,8,1636,1332,2.02,3.25,22/09,20/09,170,25
53,CKOKWE OPT,II,23,CML366,MOZL7,CML366 x MOZL7,7.42,139,20,3454,2783,1.98,3.24,22/09,20/09,130,19
54,CKOKWE OPT,II,3,CML434,MOZL3,CML434 x MOZL3,7.41,139,21,3406,2916,2.02,3.26,21/09,19/09,129,18
55,CKOKWE OPT,II,39,CML435,MOZL9,CML435 x MOZL9,6.26,117,22,1048,2583,1.74,3.15,18/09,16/09,172,10
56,CKOKWE OPT,II,37,CML366,MOZL9,CML366 x MOZL9,3.64,68,24,2193,1636,1.7,3,19/09,18/09,69,15
57,CKOKWE OPT,II,15,CML364,MOZL6,CML364 x MOZL6,7.42,139,20,3860,2781,2.16,3.28,20/09,18/09,170,20
58,CKOKWE OPT,II,20,CML530,MOZL6,CML530 x MOZL6,8.19,154,14,2652,2151,2.88,3.5,20/09,18/09,148,26
59,CKOKWE OPT,II,8,CML364,MOZL5,CML364 x MOZL5,3.5,66,22,1887,1444,1.97,3.25,20/09,19/09,112,16
60,CKOKWE OPT,II,33,CML439,MOZL8,CML439 x MOZL8,4.85,91,13,1540,1183,1.68,2.97,18/09,17/09,81,11
61,CKOKWE OPT,II,35,CML532,MOZL8,CML532 x MOZL8,6.79,127,18,2957,2293,1.5,2.75,22/09,20/09,78,17
62,CKOKWE OPT,II,11,CML435,MOZL5,CML435 x MOZL5,5.75,108,15,1972,1618,1.65,2.78,19/09,16/09,90,18
63,CKOKWE OPT,II,28,CML532,MOZL7,CML532 x MOZL7,9.93,186,18,4738,3353,1.5,2.76,26/09,22/09,166,15
64,CKOKWE OPT,II,43,CML364,MOZL10,CML364 x MOZL10,6.01,113,16,2297,1804,1.65,2.76,22/09,20/09,70,11
65,CKOKWE OPT,II,38,CML434,MOZL9,CML434 x MOZL9,9.18,172,14,2916,2409,1.69,2.99,19/09,17/09,101,20
66,CKOKWE OPT,II,7,CML532,MOZL3,CML532 x MOZL3,5.86,110,18,2613,1979,1.5,2.75,25/09,22/09,92,15
67,CKOKWE OPT,II,16,CML366,MOZL6,CML366 x MOZL6,5.65,106,19,2513,2013,1.6,2.79,20/09,18/09,96,13
68,CKOKWE OPT,II,40,CML439,MOZL9,CML439 x MOZL9,6.52,122,15,2268,1834,1.52,2.76,18/09,17/09,87,23
69,CKOKWE OPT,II,25,CML435,MOZL7,CML435 x MOZL7,5.64,106,19,3272,2009,1.73,3.08,20/09,18/09,177,24
70,CKOKWE OPT,II,18,CML435,MOZL6,CML435 x MOZL6,6.28,118,18,2664,2120,1.55,2.77,19/09,18/09,191,34
71,CKOKWE OPT,II,6,CML530,MOZL3,CML530 x MOZL3,6.4,120,16,2468,1920,1.69,3,22/09,20/09,135,16
72,CKOKWE OPT,II,21,CML532,MOZL6,CML532 x MOZL6,7.37,138,24,4494,3315,1.54,2.76,22/09,19/09,185,37
73,CKOKWE OPT,II,31,CML434,MOZL8,CML434 x MOZL8,7.81,146,23,4475,3366,1.61,2.76,19/09,18/09,152,39
74,CKOKWE OPT,II,2,CML366,MOZL3,CML366 x MOZL3,10.05,188,12,3078,2261,1.53,2.76,20/09,18/09,121,15
75,CKOKWE OPT,II,49,CML532,MOZL10,CML532 x MOZL10,7.42,139,13,2286,1808,1.66,3,20/09,18/09,221,18
76,CKOKWE OPT,II,26,CML439,MOZL7,CML439 x MOZL7,5.59,105,14,1887,1468,1.59,2.8,19/09,18/09,251,30
77,CKOKWE OPT,II,9,CML366,MOZL5,CML366 x MOZL5,3.1,58,14,1830,815,1.34,2.5,20/09,19/09,233,33
78,CKOKWE OPT,II,42,CML532,MOZL9,CML532 x MOZL9,7.34,138,15,2255,2064,1.48,2.7,22/09,20/09,289,36
79,CKOKWE OPT,II,22,CML364,MOZL7,CML364 x MOZL7,3.1,58,12,9004,697,1.26,2.28,23/09,22/09,261,18
80,CKOKWE OPT,II,47,CML439,MOZL10,CML439 x MOZL10,6.15,115,13,2533,1500,1.35,2.55,18/09,17/09,217,26
81,CKOKWE OPT,II,30,CML366,MOZL8,CML366 x MOZL8,4.8,90,21,2407,1891,1.34,2.54,18/09,18/09,260,31
82,CKOKWE OPT,II,12,CML439,MOZL5,CML439 x MOZL5,6.15,115,12,1695,1383,1.46,2.73,19/09,18/09,178,16
83,CKOKWE OPT,II,10,CML434,MOZL5,CML434 x MOZL5,5.93,111,13,1789,1446,1.54,2.72,19/09,18/09,118,18
84,CKOKWE OPT,II,27,CML530,MOZL7,CML530 x MOZL7,6.32,119,10,1563,1185,1.72,2.15,20/09,19/09,163,39
85,CKOKWE OPT,II,34,CML530,MOZL8,CML530 x MOZL8,5.02,94,8,968,753,1.25,2.29,18/09,18/09,238,41
86,CKOKWE OPT,II,14,CML532,MOZL5,CML532 x MOZL5,8.72,164,10,2102,1635,1.4,2.66,22/09,20/09,169,17
87,CKOKWE OPT,II,36,CML364,MOZL9,CML364 x MOZL9,5.4,101,15,1925,1520,1.65,2.8,19/09,18/09,144,26
88,CKOKWE OPT,II,17,CML434,MOZL6,CML434 x MOZL6,4.27,80,13,1321,1040,1.53,2.79,21/09,19/09,134,45
89,CKOKWE OPT,II,46,CML435,MOZL10,CML435 x MOZL10,5.23,98,7,902,687,1.3,2.5,20/09,19/09,265,23
90,CKOKWE OPT,II,4,CML435,MOZL3,CML435 x MOZL3,3.11,58,4,347,233,0.99,1.75,22/09,19/09,57,11
91,CKOKWE OPT,II,32,CML435,MOZL8,CML435 x MOZL8,5.84,109,13,1784,1423,1.39,2.62,22/09,19/09,96,15
92,CKOKWE OPT,II,41,CML530,MOZL9,CML530 x MOZL9,6.29,118,13,1977,1533,1.65,2.93,19/09,18/09,115,44
93,CKOKWE OPT,II,5,CML439,MOZL3,CML439 x MOZL3,7.28,136,12,2023,1637,1.62,2.91,20/09,18/09,202,18
94,CKOKWE OPT,II,44,CML366,MOZL10,CML366 x MOZL10,5.52,103,17,2195,1758,1.79,3,19/09,19/09,51,20
95,CKOKWE OPT,II,0,Check,Check,NAMULONGUE,6.54,123,16,2483,1962,1.69,3,19/09,18/09,73,17
96,CKOKWE OPT,II,45,CML434,MOZL10,CML434 x MOZL10,5.54,104,16,2158,1662,1.85,3.22,18/09,18/09,65,38
97,CKOKWE OPT,II,29,CML364,MOZL8,CML364 x MOZL8,7.68,144,15,2626,2161,1.94,3.24,19/09,18/09,148,28
98,CKOKWE OPT,II,48,CML530,MOZL10,CML530 x MOZL10,10.28,193,10,2426,1927,1.92,3.23,19/09,19/09,281,49
99,CKOKWE OPT,II,24,CML434,MOZL7,CML434 x MOZL7,7.8,146,16,2926,2340,2.03,3.26,22/09,19/09,178,17
100,CKOKWE OPT,II,13,CML530,MOZL5,CML530 x MOZL5,9.01,169,16,3297,2703,1.83,3.23,20/09,19/09,260,42
101,CKOKWE OPT,III,25,CML435,MOZL7,CML435 x MOZL7,6.4,120,7,1078,840,1.34,2.53,22/09,20/09,189,34
102,CKOKWE OPT,III,34,CML530,MOZL8,CML530 x MOZL8,6.96,131,21,3707,2741,1.65,2.96,20/09,18/09,217,17
103,CKOKWE OPT,III,40,CML439,MOZL9,CML439 x MOZL9,5.34,100,25,3410,2502,1.64,2.95,18/09,18/09,124,22
104,CKOKWE OPT,III,11,CML435,MOZL5,CML435 x MOZL5,7.74,145,24,2777,3485,1.73,3.05,19/09,18/09,103,15
105,CKOKWE OPT,III,0,Check,Check,NAMULONGUE,9.11,171,17,2733,2905,1.58,2.8,28/09,22/09,95,28
106,CKOKWE OPT,III,15,CML364,MOZL6,CML364 x MOZL6,6.37,120,18,2652,2151,1.84,3.09,23/09,20/09,160,23
107,CKOKWE OPT,III,6,CML530,MOZL3,CML530 x MOZL3,9.68,181,16,3608,2903,1.6,2.85,23/09,20/09,105,45
108,CKOKWE OPT,III,47,CML439,MOZL10,CML439 x MOZL10,5.4,101,19,2480,1922,1.41,2.55,20/09,19/09,66,14
109,CKOKWE OPT,III,9,CML366,MOZL5,CML366 x MOZL5,4.51,85,24,2490,2029,1.65,2.84,23/09,19/09,176,24
110,CKOKWE OPT,III,21,CML532,MOZL6,CML532 x MOZL6,4.12,77,11,1185,849,1.24,2.26,24/09,20/09,128,21
111,CKOKWE OPT,III,39,CML435,MOZL9,CML435 x MOZL9,4.76,89,16,1801,1427,1.27,1.26,22/09,20/09,96,17
112,CKOKWE OPT,III,22,CML364,MOZL7,CML364 x MOZL7,6.09,114,13,1868,1484,1.38,2.75,27/09,23/09,189,17
113,CKOKWE OPT,III,13,CML530,MOZL5,CML530 x MOZL5,8.18,153,15,2808,2301,1.51,2.75,22/09,19/09,216,21
114,CKOKWE OPT,III,29,CML364,MOZL8,CML364 x MOZL8,6.25,117,23,3290,2696,1.76,3.13,22/09,20/09,148,30
115,CKOKWE OPT,III,42,CML532,MOZL9,CML532 x MOZL9,8.04,151,16,3058,2412,1.52,2.75,23/09,20/09,48,25
116,CKOKWE OPT,III,3,CML434,MOZL3,CML434 x MOZL3,4.56,85,17,2570,1452,1.65,2.78,22/09,20/09,61,24
117,CKOKWE OPT,III,16,CML366,MOZL6,CML366 x MOZL6,5.33,100,19,2391,1898,1.56,2.85,21/09,19/09,85,14
118,CKOKWE OPT,III,37,CML366,MOZL9,CML366 x MOZL9,4.88,92,18,2027,1647,1.42,2.72,21/09,19/09,88,21
119,CKOKWE OPT,III,45,CML434,MOZL10,CML434 x MOZL10,7.47,140,14,1365,1961,1.46,2.74,22/09,20/09,83,21
120,CKOKWE OPT,III,24,CML434,MOZL7,CML434 x MOZL7,5.67,106,16,2114,1700,1.62,2.81,22/09,19/09,269,38
121,CKOKWE OPT,III,48,CML530,MOZL10,CML530 x MOZL10,7.02,132,15,2560,1974,1.71,3.1,23/09,20/09,69,22
122,CKOKWE OPT,III,20,CML530,MOZL6,CML530 x MOZL6,8.01,150,17,3389,2554,1.65,2.95,23/09,19/09,160,25
123,CKOKWE OPT,III,5,CML439,MOZL3,CML439 x MOZL3,7.07,133,17,2834,2253,1.5,3,22/09,19/09,120,19
124,CKOKWE OPT,III,30,CML366,MOZL8,CML366 x MOZL8,4.73,89,26,2925,2305,1.37,2.6,20/09,19/09,86,20
125,CKOKWE OPT,III,14,CML532,MOZL5,CML532 x MOZL5,6.06,114,11,1693,1250,1.51,2.75,24/09,21/09,140,27
126,CKOKWE OPT,III,44,CML366,MOZL10,CML366 x MOZL10,3.57,67,21,1813,1405,1.35,2.8,22/09,19/09,109,29
127,CKOKWE OPT,III,19,CML439,MOZL6,CML439 x MOZL6,4.67,88,22,2437,1926,1.27,2.3,22/09,19/09,159,22
128,CKOKWE OPT,III,35,CML532,MOZL8,CML532 x MOZL8,3.73,70,21,1942,1467,1.34,2.58,21/09,20/09,111,16
129,CKOKWE OPT,III,28,CML532,MOZL7,CML532 x MOZL7,4.16,78,25,2612,1948,1.43,2.61,27/07,22/09,278,73
130,CKOKWE OPT,III,12,CML439,MOZL5,CML439 x MOZL5,7.72,145,16,2917,2317,1.46,2.63,20/09,19/09,274,34
131,CKOKWE OPT,III,7,CML532,MOZL3,CML532 x MOZL3,4.23,79,21,1831,1665,1.29,2.5,24/09,20/09,185,38
132,CKOKWE OPT,III,32,CML435,MOZL8,CML435 x MOZL8,3.76,71,19,1819,1341,1.39,2.74,20/09,18/09,151,33
133,CKOKWE OPT,III,49,CML532,MOZL10,CML532 x MOZL10,5.92,111,23,3241,2552,1.57,2.79,22/09,19/09,280,41
134,CKOKWE OPT,III,26,CML439,MOZL7,CML439 x MOZL7,6.73,126,23,3608,2903,1.59,2.78,20/09,18/09,211,29
135,CKOKWE OPT,III,2,CML366,MOZL3,CML366 x MOZL3,6.77,127,23,3699,2920,1.71,3,23/09,19/09,268,45
136,CKOKWE OPT,III,27,CML530,MOZL7,CML530 x MOZL7,4.46,84,23,2552,1925,1.67,3,22/09,20/09,280,19
137,CKOKWE OPT,III,18,CML435,MOZL6,CML435 x MOZL6,7.08,133,22,3629,2920,1.64,2.76,19/09,18/09,79,15
138,CKOKWE OPT,III,36,CML364,MOZL9,CML364 x MOZL9,5.61,105,18,2398,1895,1.69,3,20/09,19/09,144,20
139,CKOKWE OPT,III,38,CML434,MOZL9,CML434 x MOZL9,6.5,122,17,2999,2072,1.57,2.83,20/09,19/09,147,18
140,CKOKWE OPT,III,10,CML434,MOZL5,CML434 x MOZL5,6.79,127,19,3040,2419,1.68,3,22/09,19/09,273,36
141,CKOKWE OPT,III,4,CML435,MOZL3,CML435 x MOZL3,6.37,120,18,2652,2151,1.36,2.69,22/09,18/09,146,42
142,CKOKWE OPT,III,41,CML530,MOZL9,CML530 x MOZL9,7.48,140,11,1989,1542,1.42,2.52,20/09,19/09,151,29
143,CKOKWE OPT,III,33,CML439,MOZL8,CML439 x MOZL8,5.22,98,17,2125,1663,1.64,2.64,19/09,18/09,117,28
144,CKOKWE OPT,III,43,CML364,MOZL10,CML364 x MOZL10,6.47,121,18,2253,2183,1.76,3.27,22/09,20/09,189,23
145,CKOKWE OPT,III,1,CML364,MOZL3,CML364 x MOZL3,6.23,117,15,3198,1751,1.97,3.25,26/09,22/09,243,42
146,CKOKWE OPT,III,17,CML434,MOZL6,CML434 x MOZL6,8.41,158,27,5020,4260,2.07,3.28,20/09,18/09,65,17
147,CKOKWE OPT,III,46,CML435,MOZL10,CML435 x MOZL10,6.98,131,24,3997,3139,1.86,3.22,18/09,17/09,140,37
148,CKOKWE OPT,III,8,CML364,MOZL5,CML364 x MOZL5,8.59,161,27,5030,4351,2.03,3.25,22/09,19/09,200,33
149,CKOKWE OPT,III,31,CML434,MOZL8,CML434 x MOZL8,6.4,120,25,3707,2998,2.01,3.25,19/09,18/09,72,27
150,CKOKWE OPT,III,23,CML366,MOZL7,CML366 x MOZL7,6.2,116,22,3228,2556,2.08,3.25,19/09,17/09,134,39
151,CHOKWE STS,I,45,CML434,MOZL10,CML434 x MOZL10,3.06,57,20,1461,1148,0.95,3.11,25/09,22/09,66,13
152,CHOKWE STS,I,2,CML366,MOZL3,CML366 x MOZL3,2.82,53,19,1313,1003,1.19,3.17,25/09,22/09,165,14
153,CHOKWE STS,I,37,CML366,MOZL9,CML366 x MOZL9,3.16,59,18,1429,1066,1,3.14,24/09,22/09,85,15
154,CHOKWE STS,I,16,CML366,MOZL6,CML366 x MOZL6,6,113,14,1884,1576,0.93,3.22,25/09,21/09,63,12
155,CHOKWE STS,I,26,CML439,MOZL7,CML439 x MOZL7,4.95,93,12,1408,1114,1.02,2.84,23/09,20/09,65,16
156,CHOKWE STS,I,40,CML439,MOZL9,CML439 x MOZL9,4.23,79,21,2088,1667,0.99,2.7,23/09,25/09,90,14
157,CHOKWE STS,I,7,CML532,MOZL3,CML532 x MOZL3,5.05,95,25,3008,2368,1.21,2.46,29/09,24/09,89,17
158,CHOKWE STS,I,28,CML532,MOZL7,CML532 x MOZL7,6.1,114,23,3345,2631,1.23,2.69,28/09,21/09,170,35
159,CHOKWE STS,I,10,CML434,MOZL5,CML434 x MOZL5,5.91,111,24,3898,2659,1.44,2.77,23/09,20/09,206,35
160,CHOKWE STS,I,19,CML439,MOZL6,CML439 x MOZL6,5.88,110,19,2659,2095,1.4,2.2,22/09,20/09,148,40
161,CHOKWE STS,I,35,CML532,MOZL8,CML532 x MOZL8,5.64,106,18,2459,1905,1.24,2.23,26/09,23/09,60,14
162,CHOKWE STS,I,0,Check,Check,NAMULONGUE,6.76,127,18,3332,2280,1.24,2.08,27/09,20/09,159,22
163,CHOKWE STS,I,29,CML364,MOZL8,CML364 x MOZL8,4.73,89,27,2948,2395,1.34,2.81,22/09,21/09,66,10
164,CHOKWE STS,I,14,CML532,MOZL5,CML532 x MOZL5,5.04,95,23,2839,2174,1.3,2.57,23/09,21/09,49,9
165,CHOKWE STS,I,48,CML530,MOZL10,CML530 x MOZL10,7.26,136,16,2786,2179,1.34,2.53,23/09,20/09,84,11
166,CHOKWE STS,I,30,CML366,MOZL8,CML366 x MOZL8,7.18,135,15,2505,2019,0.99,2.07,22/09,22/09,80,14
167,CHOKWE STS,I,4,CML435,MOZL3,CML435 x MOZL3,4.31,81,10,998,808,0.39,2.45,26/09,20/09,51,8
168,CHOKWE STS,I,17,CML434,MOZL6,CML434 x MOZL6,8.8,165,14,2814,2310,1.4,2.93,23/09,20/09,63,10
169,CHOKWE STS,I,9,CML366,MOZL5,CML366 x MOZL5,7.67,144,7,1229,1007,0.35,2.76,22/09,23/09,44,8
170,CHOKWE STS,I,43,CML364,MOZL10,CML364 x MOZL10,7.13,134,11,1849,1470,1.01,2.83,25/09,20/09,82,15
171,CHOKWE STS,I,13,CML530,MOZL5,CML530 x MOZL5,8.32,156,13,2602,2029,1.6,2.76,22/09,19/09,95,11
172,CHOKWE STS,I,32,CML435,MOZL8,CML435 x MOZL8,6.73,126,18,2847,2271,1.51,2.3,20/09,20/09,81,14
173,CHOKWE STS,I,22,CML364,MOZL7,CML364 x MOZL7,5.76,108,25,3422,2698,1.91,2.8,23/09,20/09,184,41
174,CHOKWE STS,I,39,CML435,MOZL9,CML435 x MOZL9,6.79,127,22,3289,2801,1.41,1.87,22/09,22/09,69,11
175,CHOKWE STS,I,47,CML439,MOZL10,CML439 x MOZL10,8.71,163,13,2692,2123,1.46,1.84,22/09,20/09,165,13
176,CHOKWE STS,I,25,CML435,MOZL7,CML435 x MOZL7,5.95,112,18,3272,2008,1.56,2.9,27/09,20/09,81,11
177,CHOKWE STS,I,49,CML532,MOZL10,CML532 x MOZL10,5.35,100,18,2303,1804,1.23,2.8,22/09,22/09,173,30
178,CHOKWE STS,I,36,CML364,MOZL9,CML364 x MOZL9,2.38,45,23,3515,1025,1.57,2.33,23/09,20/09,93,13
179,CHOKWE STS,I,5,CML439,MOZL3,CML439 x MOZL3,3.64,68,15,1221,1023,1.65,2.83,23/09,22/09,73,12
180,CHOKWE STS,I,41,CML530,MOZL9,CML530 x MOZL9,7.42,139,11,1998,1530,1.19,2.66,25/09,22/09,171,31
181,CHOKWE STS,I,15,CML364,MOZL6,CML364 x MOZL6,9.13,171,17,3688,2911,1.74,3.17,24/09,23/09,266,35
182,CHOKWE STS,I,31,CML434,MOZL8,CML434 x MOZL8,9.01,169,14,2875,2366,1.6,2.8,26/09,20/09,73,31
183,CHOKWE STS,I,21,CML532,MOZL6,CML532 x MOZL6,5.07,95,21,2244,1998,1.51,2.87,22/09,22/09,275,29
184,CHOKWE STS,I,33,CML439,MOZL8,CML439 x MOZL8,4.65,87,19,2047,1658,1.56,2.51,23/09,22/09,149,31
185,CHOKWE STS,I,44,CML366,MOZL10,CML366 x MOZL10,6.76,127,18,2772,2281,1.63,2.65,23/09,23/09,74,18
186,CHOKWE STS,I,11,CML435,MOZL5,CML435 x MOZL5,3.63,68,16,3790,1088,1.61,2.72,27/09,20/09,101,20
187,CHOKWE STS,I,8,CML364,MOZL5,CML364 x MOZL5,6.69,126,8,1295,1004,0.33,1.52,22/09,22/09,43,9
188,CHOKWE STS,I,38,CML434,MOZL9,CML434 x MOZL9,7.41,139,17,3258,2362,1.65,3.13,27/09,20/09,99,23
189,CHOKWE STS,I,24,CML434,MOZL7,CML434 x MOZL7,7.94,149,15,2689,2234,1.68,3.16,26/09,23/09,125,20
190,CHOKWE STS,I,3,CML434,MOZL3,CML434 x MOZL3,8.19,154,18,3391,2764,1.74,3.19,25/09,23/09,71,11
191,CHOKWE STS,I,6,CML530,MOZL3,CML530 x MOZL3,9.34,175,12,2848,2102,1.33,3.18,22/09,20/09,164,24
192,CHOKWE STS,I,27,CML530,MOZL7,CML530 x MOZL7,10.03,188,6,1675,1128,1.34,3.2,20/09,19/09,99,17
193,CHOKWE STS,I,42,CML532,MOZL9,CML532 x MOZL9,10.24,192,15,3590,2881,1.66,3.15,22/09,20/09,105,21
194,CHOKWE STS,I,34,CML530,MOZL8,CML530 x MOZL8,8.14,153,11,2053,1679,1.12,3.14,25/09,22/09,54,15
195,CHOKWE STS,I,18,CML435,MOZL6,CML435 x MOZL6,5.63,106,16,2909,1690,1.43,3.16,24/09,22/09,60,10
196,CHOKWE STS,I,1,CML364,MOZL3,CML364 x MOZL3,3.34,63,17,3898,1065,1.36,3.2,27/09,23/09,108,14
197,CHOKWE STS,I,46,CML435,MOZL10,CML435 x MOZL10,5.14,96,19,2354,1832,1.06,2.06,22/09,20/09,61,8
198,CHOKWE STS,I,23,CML366,MOZL7,CML366 x MOZL7,6.4,120,16,2432,1921,1.49,2.19,24/09,22/09,96,10
199,CHOKWE STS,I,12,CML439,MOZL5,CML439 x MOZL5,5.22,98,22,2628,2152,1.46,2.13,25/09,23/09,55,10
200,CHOKWE STS,I,20,CML530,MOZL6,CML530 x MOZL6,7.05,132,18,3149,2378,1.54,3.12,26/09,22/09,110,23
201,CHOKWE STS,II,25,CML435,MOZL7,CML435 x MOZL7,6.29,118,16,2435,1886,1.29,3.11,23/09,22/09,180,33
202,CHOKWE STS,II,34,CML530,MOZL8,CML530 x MOZL8,6.25,117,12,1721,1406,0.71,3.2,28/09,23/09,64,16
203,CHOKWE STS,II,40,CML439,MOZL9,CML439 x MOZL9,6.03,113,13,1833,1469,1.15,3.19,29/09,20/09,125,20
204,CHOKWE STS,II,11,CML435,MOZL5,CML435 x MOZL5,4.9,92,15,1858,1378,1.4,3.21,23/09,25/09,124,18
205,CHOKWE STS,II,0,Check,Check,NAMULONGUE,4.75,89,13,1540,1157,1.21,3.1,25/09,24/09,69,10
206,CHOKWE STS,II,15,CML364,MOZL6,CML364 x MOZL6,8.24,155,19,3628,2936,1.68,2.95,24/09,20/09,66,15
207,CHOKWE STS,II,6,CML530,MOZL3,CML530 x MOZL3,6.62,124,16,2526,1986,1.55,3.23,22/09,21/09,164,21
208,CHOKWE STS,II,47,CML439,MOZL10,CML439 x MOZL10,4.1,77,24,2335,1843,1.19,3.45,27/09,21/09,143,27
209,CHOKWE STS,II,9,CML366,MOZL5,CML366 x MOZL5,7.48,140,23,3717,3227,1.47,3.2,20/09,20/09,108,16
210,CHOKWE STS,II,21,CML532,MOZL6,CML532 x MOZL6,4.47,84,27,2985,2261,1.53,2.92,23/09,23/09,78,11
211,CHOKWE STS,II,39,CML435,MOZL9,CML435 x MOZL9,5.77,108,26,3442,2815,1.49,2.7,22/09,19/09,75,17
212,CHOKWE STS,II,22,CML364,MOZL7,CML364 x MOZL7,6.16,115,7,1070,808,1.19,2.73,23/09,21/09,86,18
213,CHOKWE STS,II,13,CML530,MOZL5,CML530 x MOZL5,7.76,145,12,2218,1745,1.98,2.71,26/09,20/09,160,16
214,CHOKWE STS,II,29,CML364,MOZL8,CML364 x MOZL8,6.22,117,20,2864,2333,1.72,2.81,20/09,21/09,68,11
215,CHOKWE STS,II,42,CML532,MOZL9,CML532 x MOZL9,10.65,200,16,4218,3195,1.76,3.04,22/09,22/09,98,21
216,CHOKWE STS,II,3,CML434,MOZL3,CML434 x MOZL3,8.07,151,15,2766,2269,1.77,2.8,22/09,20/09,89,16
217,CHOKWE STS,II,16,CML366,MOZL6,CML366 x MOZL6,7.63,143,15,2587,2145,1.5,2.74,23/09,19/09,93,14
218,CHOKWE STS,II,37,CML366,MOZL9,CML366 x MOZL9,6.6,124,13,1956,1608,1.5,2.71,28/09,20/09,84,24
219,CHOKWE STS,II,45,CML434,MOZL10,CML434 x MOZL10,5.67,106,22,2855,2340,1.42,3.03,30/09,20/09,170,24
220,CHOKWE STS,II,24,CML434,MOZL7,CML434 x MOZL7,7.27,136,17,2916,2316,1.54,2.72,24/09,22/09,184,36
221,CHOKWE STS,II,48,CML530,MOZL10,CML530 x MOZL10,7.11,133,15,2273,2001,1.53,2.95,23/09,22/09,130,17
222,CHOKWE STS,II,20,CML530,MOZL6,CML530 x MOZL6,7.09,133,11,1743,1463,1.53,2.71,30/09,22/09,174,39
223,CHOKWE STS,II,5,CML439,MOZL3,CML439 x MOZL3,6.45,121,11,1598,1330,1.29,2.71,23/09,20/09,143,30
224,CHOKWE STS,II,30,CML366,MOZL8,CML366 x MOZL8,6.78,127,20,3019,2543,1.33,2.71,23/09,21/09,116,15
225,CHOKWE STS,II,14,CML532,MOZL5,CML532 x MOZL5,6.18,116,25,2971,2895,1.37,2.95,30/09,23/09,213,19
226,CHOKWE STS,II,44,CML366,MOZL10,CML366 x MOZL10,7.35,138,19,3201,2620,1.3,2.75,22/09,22/09,241,42
227,CHOKWE STS,II,19,CML439,MOZL6,CML439 x MOZL6,8.32,156,15,2855,2340,1.54,2.55,30/09,19/09,224,34
228,CHOKWE STS,II,35,CML532,MOZL8,CML532 x MOZL8,7.15,134,9,2135,1207,1.49,2.75,22/09,21/09,278,37
229,CHOKWE STS,II,28,CML532,MOZL7,CML532 x MOZL7,6.3,118,16,2507,1891,1.52,2.33,22/09,26/09,251,18
230,CHOKWE STS,II,12,CML439,MOZL5,CML439 x MOZL5,6.44,121,25,3637,3019,1.41,2.6,23/09,20/09,209,27
231,CHOKWE STS,II,7,CML532,MOZL3,CML532 x MOZL3,6.49,122,19,3129,2312,1.39,2.59,26/09,26/09,250,33
232,CHOKWE STS,II,32,CML435,MOZL8,CML435 x MOZL8,6.86,129,17,2752,2186,1.4,2.68,28/09,20/09,171,16
233,CHOKWE STS,II,49,CML532,MOZL10,CML532 x MOZL10,6.68,125,12,1849,1502,0.9,2.67,22/09,20/09,94,18
234,CHOKWE STS,II,26,CML439,MOZL7,CML439 x MOZL7,8.57,161,15,3064,2410,1.48,2.2,22/09,22/09,149,31
235,CHOKWE STS,II,2,CML366,MOZL3,CML366 x MOZL3,7.29,137,13,2176,1778,1.68,2.34,28/09,22/09,229,33
236,CHOKWE STS,II,27,CML530,MOZL7,CML530 x MOZL7,10.3,193,14,3635,2705,1.64,2.71,24/09,22/09,163,17
237,CHOKWE STS,II,18,CML435,MOZL6,CML435 x MOZL6,8.98,168,15,3148,2525,1.66,2.85,22/09,20/09,139,27
238,CHOKWE STS,II,36,CML364,MOZL9,CML364 x MOZL9,7.27,136,13,2229,1773,1.35,2.74,22/09,20/09,129,47
239,CHOKWE STS,II,38,CML434,MOZL9,CML434 x MOZL9,10.17,191,18,3892,3434,0.78,2.45,23/09,22/09,55,14
240,CHOKWE STS,II,10,CML434,MOZL5,CML434 x MOZL5,7.69,144,15,2634,2162,1.2,1.8,24/09,22/09,103,15
241,CHOKWE STS,II,4,CML435,MOZL3,CML435 x MOZL3,7.56,142,20,3532,2834,1.49,2.67,30/09,20/09,93,15
242,CHOKWE STS,II,41,CML530,MOZL9,CML530 x MOZL9,9.67,181,15,2843,2719,1.45,2.88,27/09,20/09,206,46
243,CHOKWE STS,II,33,CML439,MOZL8,CML439 x MOZL8,7.21,135,8,1328,1081,0.51,2.86,27/09,20/09,94,19
244,CHOKWE STS,II,43,CML364,MOZL10,CML364 x MOZL10,6.72,126,7,1148,882,0.45,2.95,26/09,22/09,49,11
245,CHOKWE STS,II,1,CML364,MOZL3,CML364 x MOZL3,5.26,99,15,1908,1478,0.95,2.95,24/09,26/09,70,12
246,CHOKWE STS,II,17,CML434,MOZL6,CML434 x MOZL6,4.55,85,13,1185,1110,1.11,3.17,24/09,23/09,163,30
247,CHOKWE STS,II,46,CML435,MOZL10,CML435 x MOZL10,3.29,62,15,2298,926,0.77,3.19,22/09,23/09,73,9
248,CHOKWE STS,II,8,CML364,MOZL5,CML364 x MOZL5,4.95,93,10,1243,928,1.13,3.18,24/09,23/09,270,42
249,CHOKWE STS,II,31,CML434,MOZL8,CML434 x MOZL8,3.58,67,23,1925,1542,1.21,3.21,30/09,22/09,75,18
250,CHOKWE STS,II,23,CML366,MOZL7,CML366 x MOZL7,5.06,95,17,2026,1613,1.56,3.18,28/09,22/09,385,44
251,CHOKWE STS,III,19,CML439,MOZL6,CML439 x MOZL6,8.29,155,15,2781,2331,1.11,2.48,23/09,20/09,278,35
252,CHOKWE STS,III,1,CML364,MOZL3,CML364 x MOZL3,4.7,88,16,2558,1411,1.52,2.91,24/09,22/09,209,17
253,CHOKWE STS,III,23,CML366,MOZL7,CML366 x MOZL7,6.4,120,12,1888,1441,0.91,2.9,25/09,26/09,109,23
254,CHOKWE STS,III,3,CML434,MOZL3,CML434 x MOZL3,5.24,98,11,1652,1080,0.87,3,23/09,23/09,99,15
255,CHOKWE STS,III,39,CML435,MOZL9,CML435 x MOZL9,3.93,74,11,1048,810,0.56,2.75,25/09,20/09,91,19
256,CHOKWE STS,III,37,CML366,MOZL9,CML366 x MOZL9,3.16,59,11,493,652,0.21,3.04,22/09,22/09,54,4
257,CHOKWE STS,III,15,CML364,MOZL6,CML364 x MOZL6,8.95,168,12,2513,2013,0.48,2.8,26/09,22/09,81,17
258,CHOKWE STS,III,20,CML530,MOZL6,CML530 x MOZL6,10.57,198,12,2734,2378,1.35,2.5,27/09,20/09,64,14
259,CHOKWE STS,III,8,CML364,MOZL5,CML364 x MOZL5,8.52,160,15,3027,2396,1.16,2.79,29/09,22/09,169,46
260,CHOKWE STS,III,33,CML439,MOZL8,CML439 x MOZL8,8.54,160,15,2985,2403,0.92,2.21,24/09,20/09,101,22
261,CHOKWE STS,III,35,CML532,MOZL8,CML532 x MOZL8,6.22,117,24,3615,2800,1.52,1.31,29/09,23/09,93,17
262,CHOKWE STS,III,11,CML435,MOZL5,CML435 x MOZL5,9.47,178,18,4264,3197,1.7,2.8,28/09,22/09,181,18
263,CHOKWE STS,III,28,CML532,MOZL7,CML532 x MOZL7,8.55,160,17,3416,2726,1.47,2.7,20/09,24/09,208,22
264,CHOKWE STS,III,43,CML364,MOZL10,CML364 x MOZL10,7.74,145,19,3441,2756,1.74,3.08,22/09,22/09,143,31
265,CHOKWE STS,III,38,CML434,MOZL9,CML434 x MOZL9,6.61,124,22,3369,2726,1.82,2.8,22/09,22/09,46,26
266,CHOKWE STS,III,7,CML532,MOZL3,CML532 x MOZL3,7.12,134,19,3376,2538,1.59,2.73,22/09,25/09,59,25
267,CHOKWE STS,III,16,CML366,MOZL6,CML366 x MOZL6,6.24,117,26,3797,3044,1.57,2.9,26/09,19/09,81,14
268,CHOKWE STS,III,40,CML439,MOZL9,CML439 x MOZL9,6.91,130,21,3352,2721,1.55,2.77,30/09,20/09,85,22
269,CHOKWE STS,III,25,CML435,MOZL7,CML435 x MOZL7,8.12,152,20,3798,3044,1.53,2.79,24/09,20/09,80,22
270,CHOKWE STS,III,18,CML435,MOZL6,CML435 x MOZL6,6.39,120,23,3469,2757,1.63,2.86,26/09,20/09,259,39
271,CHOKWE STS,III,6,CML530,MOZL3,CML530 x MOZL3,8.78,165,15,3237,2468,1.69,3.05,28/09,23/09,66,23
272,CHOKWE STS,III,21,CML532,MOZL6,CML532 x MOZL6,8.95,168,22,4515,3693,1.69,3,27/09,26/09,154,26
273,CHOKWE STS,III,31,CML434,MOZL8,CML434 x MOZL8,6.19,116,23,3370,2669,1.73,3.05,24/09,22/09,115,20
274,CHOKWE STS,III,2,CML366,MOZL3,CML366 x MOZL3,7.43,139,18,3022,2509,1.71,2.65,24/09,22/09,83,21
275,CHOKWE STS,III,49,CML532,MOZL10,CML532 x MOZL10,5.91,111,15.5,2436,1719,1.22,2.7,25/09,21/09,135,28
276,CHOKWE STS,III,26,CML439,MOZL7,CML439 x MOZL7,3.15,59,20,2603,1180,1.17,2.75,27/09,24/09,105,30
277,CHOKWE STS,III,9,CML366,MOZL5,CML366 x MOZL5,5.24,98,19,2206,1866,1.3,2.35,27/09,22/09,153,23
278,CHOKWE STS,III,42,CML532,MOZL9,CML532 x MOZL9,8.03,151,16,3236,2409,1.51,2.63,22/09,27/09,106,17
279,CHOKWE STS,III,22,CML364,MOZL7,CML364 x MOZL7,6.6,124,21,3215,2598,1.75,2.56,25/09,23/09,268,76
280,CHOKWE STS,III,47,CML439,MOZL10,CML439 x MOZL10,5.46,102,21,2728,2148,1.31,2.58,26/09,28/09,264,35
281,CHOKWE STS,III,30,CML366,MOZL8,CML366 x MOZL8,7.1,133,21,3466,2794,1.27,2.45,22/09,22/09,178,39
282,CHOKWE STS,III,12,CML439,MOZL5,CML439 x MOZL5,7.69,144,14,2441,2018,1.54,2.79,25/09,20/09,145,34
283,CHOKWE STS,III,10,CML434,MOZL5,CML434 x MOZL5,9.89,185,12,2535,2225,1.68,2.84,22/09,20/09,289,42
284,CHOKWE STS,III,27,CML530,MOZL7,CML530 x MOZL7,7.12,133,19,3205,2535,1.8,2.83,29/09,22/09,203,30
285,CHOKWE STS,III,34,CML530,MOZL8,CML530 x MOZL8,8.6,161,15,2972,2419,1.54,2.95,22/09,20/09,254,37
286,CHOKWE STS,III,14,CML532,MOZL5,CML532 x MOZL5,9.39,176,9,2041,1585,1.42,2.95,22/09,28/09,269,20
287,CHOKWE STS,III,36,CML364,MOZL9,CML364 x MOZL9,7.09,133,20,3374,2658,1.68,2.81,22/09,20/09,76,16
288,CHOKWE STS,III,17,CML434,MOZL6,CML434 x MOZL6,8.55,160,11,2410,1764,1.47,2.95,24/09,22/09,139,21
289,CHOKWE STS,III,46,CML435,MOZL10,CML435 x MOZL10,10.3,193,10,2336,1932,1.41,2.78,22/09,20/09,141,18
290,CHOKWE STS,III,4,CML435,MOZL3,CML435 x MOZL3,10.27,193,13,2977,2503,1.49,2.95,24/09,20/09,263,37
291,CHOKWE STS,III,32,CML435,MOZL8,CML435 x MOZL8,8.71,163,11,2176,1797,1.5,2.74,23/09,20/09,140,43
292,CHOKWE STS,III,41,CML530,MOZL9,CML530 x MOZL9,8.9,167,7,1411,1168,1.48,2.47,26/09,22/09,165,36
293,CHOKWE STS,III,5,CML439,MOZL3,CML439 x MOZL3,6.99,131,13,2074,1703,0.92,2.59,28/09,20/09,103,29
294,CHOKWE STS,III,44,CML366,MOZL10,CML366 x MOZL10,5.88,110,12,1364,1324,1.39,3.22,26/09,22/09,181,24
295,CHOKWE STS,III,0,Check,Check,NAMULONGUE,3.43,64,12,1031,771,1.15,3.2,28/09,27/09,234,44
296,CHOKWE STS,III,45,CML434,MOZL10,CML434 x MOZL10,9.48,178,11,2181,1956,0.98,3.23,24/09,29/09,163,28
297,CHOKWE STS,III,29,CML364,MOZL8,CML364 x MOZL8,10.19,191,21,1038,4013,0.79,3.17,21/09,24/09,105,28
298,CHOKWE STS,III,48,CML530,MOZL10,CML530 x MOZL10,10.19,191,11,2373,2102,1.89,3.2,23/09,29/09,123,35
299,CHOKWE STS,III,24,CML434,MOZL7,CML434 x MOZL7,6.09,114,13,1763,1484,1.31,3.2,22/09,24/09,69,28
300,CHOKWE STS,III,13,CML530,MOZL5,CML530 x MOZL5,6.36,119,16,2410,1909,1.38,3.2,24/09,22/09,129,41
301,NHACOONGO,I,45,CML434,MOZL10,CML434 x MOZL10,4.93,92,19,2220,1755,1.23,3.22,11-Oct,8-Oct,165,24
302,NHACOONGO,I,2,CML366,MOZL3,CML366 x MOZL3,7.52,141,18,2564,2537,1.31,3.28,12-Oct,9-Oct,104,35
303,NHACOONGO,I,37,CML366,MOZL9,CML366 x MOZL9,5.25,98,20,1943,1967,1.22,3.25,11-Oct,7-Oct,174,27
304,NHACOONGO,I,16,CML366,MOZL6,CML366 x MOZL6,5.83,109,19,2454,2077,1.36,3.33,12-Oct,7-Oct,198,43
305,NHACOONGO,I,26,CML439,MOZL7,CML439 x MOZL7,6.41,120,21,3187,2522,1.45,2.95,10-Oct,7-Oct,120,31
306,NHACOONGO,I,40,CML439,MOZL9,CML439 x MOZL9,8.22,154,10,1872,1542,1.25,2.81,5-Oct,1-Oct,181,20
307,NHACOONGO,I,7,CML532,MOZL3,CML532 x MOZL3,8.46,159,3,626,476,1.33,2.57,8-Oct,5-Oct,159,35
308,NHACOONGO,I,28,CML532,MOZL7,CML532 x MOZL7,5.79,109,10,1450,1086,1.28,2.8,13-Oct,12-Oct,181,21
309,NHACOONGO,I,10,CML434,MOZL5,CML434 x MOZL5,6.58,123,25,4311,3082,1.29,2.66,8-Oct,5-Oct,170,22
310,NHACOONGO,I,19,CML439,MOZL6,CML439 x MOZL6,6.78,127,23,3612,2922,1.41,2.31,6-Oct,5-Oct,131,13
311,NHACOONGO,I,35,CML532,MOZL8,CML532 x MOZL8,5.34,100,13,1595,1301,1.26,2.34,8-Oct,7-Oct,149,13
312,NHACOONGO,I,49,CML532,MOZL10,CML532 x MOZL10,7.44,140,17,2553,2373,1.51,2.19,6-Oct,4-Oct,107,18
313,NHACOONGO,I,29,CML364,MOZL8,CML364 x MOZL8,8.59,161,17,2880,2738,1.34,2.92,10-Oct,9-Oct,177,22
314,NHACOONGO,I,14,CML532,MOZL5,CML532 x MOZL5,9.89,185,16,3090,2967,1.45,2.68,9-Oct,4-Oct,143,41
315,NHACOONGO,I,48,CML530,MOZL10,CML530 x MOZL10,9.35,175,18,3815,3157,1.3,2.64,7-Oct,4-Oct,157,43
316,NHACOONGO,I,30,CML366,MOZL8,CML366 x MOZL8,9.33,175,13,2054,2273,1.35,2.18,6-Oct,4-Oct,188,35
317,NHACOONGO,I,4,CML435,MOZL3,CML435 x MOZL3,6.22,117,20,2172,2332,1.51,2.96,7-Oct,5-Oct,169,19
318,NHACOONGO,I,17,CML434,MOZL6,CML434 x MOZL6,5.23,98,17,2025,1667,1.41,3.04,7-Oct,6-Oct,169,38
319,NHACOONGO,I,9,CML366,MOZL5,CML366 x MOZL5,7.77,146,18,2212,2623,1.46,3.27,9-Oct,8-Oct,190,41
320,NHACOONGO,I,43,CML364,MOZL10,CML364 x MOZL10,5.7,107,25,3203,2671,1.34,2.94,6-Oct,4-Oct,123,36
321,NHACOONGO,I,13,CML530,MOZL5,CML530 x MOZL5,6.79,127,14,2152,1782,1.28,2.87,6-Oct,4-Oct,179,20
322,NHACOONGO,I,32,CML435,MOZL8,CML435 x MOZL8,6.52,122,10,1644,1222,1.57,2.41,12-Oct,9-Oct,174,39
323,NHACOONGO,I,22,CML364,MOZL7,CML364 x MOZL7,7.91,148,19,3213,2817,1.29,2.69,6-Oct,4-Oct,176,31
324,NHACOONGO,I,39,CML435,MOZL9,CML435 x MOZL9,9.69,182,15,2923,2725,1.39,1.76,5-Oct,4-Oct,204,30
325,NHACOONGO,I,47,CML439,MOZL10,CML439 x MOZL10,7.78,146,17,2832,2481,1.44,1.73,11-Oct,8-Oct,128,16
326,NHACOONGO,I,25,CML435,MOZL7,CML435 x MOZL7,5.46,102,13,1702,1330,1.35,2.79,13-Oct,10-Oct,176,37
327,NHACOONGO,I,36,CML364,MOZL9,CML364 x MOZL9,7.78,146,19,2693,2771,1.46,2.91,6-Oct,5-Oct,224,25
328,NHACOONGO,I,5,CML439,MOZL3,CML439 x MOZL3,6.16,115,12,1699,1385,1.36,2.22,8-Oct,6-Oct,191,13
329,NHACOONGO,I,41,CML530,MOZL9,CML530 x MOZL9,5.25,98,18,2185,1772,1.22,2.72,10-Oct,8-Oct,86,18
330,NHACOONGO,I,15,CML364,MOZL6,CML364 x MOZL6,4.41,83,21,1897,1735,1.47,2.77,11-Oct,7-Oct,160,19
331,NHACOONGO,I,31,CML434,MOZL8,CML434 x MOZL8,5.37,101,25,2434,2519,1.22,3.06,9-Oct,6-Oct,105,14
332,NHACOONGO,I,21,CML532,MOZL6,CML532 x MOZL6,4.34,81,22,1953,1790,1.34,2.69,12-Oct,11-Oct,184,26
333,NHACOONGO,I,33,CML439,MOZL8,CML439 x MOZL8,9.34,175,16,3195,2802,1.39,2.76,5-Oct,4-Oct,210,34
334,NHACOONGO,I,44,CML366,MOZL10,CML366 x MOZL10,6.35,119,25,3175,2978,1.26,2.4,10-Oct,7-Oct,173,41
335,NHACOONGO,I,11,CML435,MOZL5,CML435 x MOZL5,7.12,134,11,1800,1469,1.14,2.54,10-Oct,7-Oct,175,36
336,NHACOONGO,I,8,CML364,MOZL5,CML364 x MOZL5,5.48,103,12,1514,1232,1.33,2.61,12-Oct,10-Oct,144,35
337,NHACOONGO,I,38,CML434,MOZL9,CML434 x MOZL9,5.11,96,22,2512,2106,1.3,3.18,12-Oct,10-Oct,117,33
338,NHACOONGO,I,24,CML434,MOZL7,CML434 x MOZL7,5,94,21,2476,1968,1.34,3.24,12-Oct,10-Oct,80,21
339,NHACOONGO,I,3,CML434,MOZL3,CML434 x MOZL3,4.54,85,22,2309,1873,1.28,3.27,12-Oct,8-Oct,155,39
340,NHACOONGO,I,6,CML530,MOZL3,CML530 x MOZL3,3.56,67,26,2054,1736,1.34,3.3,12-Oct,10-Oct,114,28
341,NHACOONGO,I,27,CML530,MOZL7,CML530 x MOZL7,4.58,86,25,2243,2145,1.36,3.29,12-Oct,12-Oct,271,37
342,NHACOONGO,I,42,CML532,MOZL9,CML532 x MOZL9,3.03,57,25,1730,1420,1.34,3.31,16-Oct,13-Oct,109,16
343,NHACOONGO,I,34,CML530,MOZL8,CML530 x MOZL8,4.53,85,24,3444,2037,1.34,3.04,7-Oct,6-Oct,134,21
344,NHACOONGO,I,18,CML435,MOZL6,CML435 x MOZL6,5.66,106,22,2292,2335,1.29,3.25,8-Oct,6-Oct,138,22
345,NHACOONGO,I,1,CML364,MOZL3,CML364 x MOZL3,5.54,104,24,2496,2494,1.38,3.05,10-Oct,9-Oct,129,20
346,NHACOONGO,I,46,CML435,MOZL10,CML435 x MOZL10,5.86,110,22,2267,2418,1.23,3.09,6-Oct,5-Oct,74,19
347,NHACOONGO,I,23,CML366,MOZL7,CML366 x MOZL7,7.31,137,19,2293,2603,1.54,3.17,12-Oct,9-Oct,56,31
348,NHACOONGO,I,12,CML439,MOZL5,CML439 x MOZL5,3.62,68,25,2096,1699,1.08,3.3,8-Oct,6-Oct,170,34
349,NHACOONGO,I,0,Check,Check,NAMULONGUE,4.73,4.73,4.73,4.73,4.73,4.73,4.73,9-Oct,7-Oct,4.73,4.73
350,NHACOONGO,I,20,CML530,MOZL6,CML530 x MOZL6,3.51,66,14,1162,921,1.25,3.24,13-Oct,10-Oct,77,14
351,NHACOONGO,II,19,CML439,MOZL6,CML439 x MOZL6,3.03,57,23,1594,1307,2.13,3.23,11-Oct,7-Oct,65,8
352,NHACOONGO,II,1,CML364,MOZL3,CML364 x MOZL3,2.79,52,24,1525,1256,1.32,3.22,11-Oct,10-Oct,147,25
353,NHACOONGO,II,23,CML366,MOZL7,CML366 x MOZL7,2.66,50,20,1279,996,1.48,3.31,11-Oct,7-Oct,115,14
354,NHACOONGO,II,3,CML434,MOZL3,CML434 x MOZL3,5.65,106,17,1364,1801,1.36,3.3,10-Oct,6-Oct,174,31
355,NHACOONGO,II,39,CML435,MOZL9,CML435 x MOZL9,6.35,119,16,2193,1906,1.24,3.1,6-Oct,4-Oct,66,13
356,NHACOONGO,II,37,CML366,MOZL9,CML366 x MOZL9,4.77,89,14,1488,1252,1.3,2.99,8-Oct,4-Oct,40,8
357,NHACOONGO,II,15,CML364,MOZL6,CML364 x MOZL6,4.51,85,8,822,676,1.25,2.84,13-Oct,9-Oct,43,8
358,NHACOONGO,II,20,CML530,MOZL6,CML530 x MOZL6,5.29,99,11,1328,1091,1.36,3.12,12-Oct,7-Oct,53,6
359,NHACOONGO,II,8,CML364,MOZL5,CML364 x MOZL5,4.97,93,29,2946,2705,1.33,3.56,12-Oct,7-Oct,47,6
360,NHACOONGO,II,33,CML439,MOZL8,CML439 x MOZL8,6.29,118,21,2786,2477,1.26,3.09,5-Oct,4-Oct,67,7
361,NHACOONGO,II,35,CML532,MOZL8,CML532 x MOZL8,4.64,87,24,1737,2088,1.19,2.81,7-Oct,6-Oct,187,27
362,NHACOONGO,II,11,CML435,MOZL5,CML435 x MOZL5,5.25,98,23,2072,2263,1.23,2.59,7-Oct,4-Oct,64,6
363,NHACOONGO,II,28,CML532,MOZL7,CML532 x MOZL7,4,75,23,2245,1725,1.35,3.24,12-Oct,9-Oct,88,17
364,NHACOONGO,II,43,CML364,MOZL10,CML364 x MOZL10,3.24,61,19,1439,1155,1.23,2.82,11-Oct,9-Oct,62,9
365,NHACOONGO,II,38,CML434,MOZL9,CML434 x MOZL9,3.27,61,21,1559,1288,1.34,2.7,12-Oct,8-Oct,93,11
366,NHACOONGO,II,7,CML532,MOZL3,CML532 x MOZL3,3,56,23,1709,1292,1.23,2.93,11-Oct,9-Oct,69,10
367,NHACOONGO,II,16,CML366,MOZL6,CML366 x MOZL6,4.26,80,25,2395,1995,1.33,2.69,9-Oct,6-Oct,48,11
368,NHACOONGO,II,40,CML439,MOZL9,CML439 x MOZL9,4.54,85,26,2283,2215,1.18,2.63,6-Oct,4-Oct,60,9
369,NHACOONGO,II,25,CML435,MOZL7,CML435 x MOZL7,8.69,163,10,2036,1629,1.33,2.6,10-Oct,7-Oct,113,23
370,NHACOONGO,II,18,CML435,MOZL6,CML435 x MOZL6,4.1,77,25,2364,1924,1.25,2.92,10-Oct,7-Oct,75,9
371,NHACOONGO,II,6,CML530,MOZL3,CML530 x MOZL3,5.07,95,15,1799,1426,1.28,2.61,12-Oct,6-Oct,70,12
372,NHACOONGO,II,21,CML532,MOZL6,CML532 x MOZL6,6.84,128,11,1371,1411,1.32,2.84,12-Oct,10-Oct,77,19
373,NHACOONGO,II,31,CML434,MOZL8,CML434 x MOZL8,4.92,92,25,2755,2308,1.29,2.82,8-Oct,6-Oct,66,9
374,NHACOONGO,II,2,CML366,MOZL3,CML366 x MOZL3,5.38,101,22,2474,2219,1.43,2.82,10-Oct,6-Oct,105,10
375,NHACOONGO,II,26,CML439,MOZL7,CML439 x MOZL7,6.22,117,19,2810,2216,1.39,2.82,13-Oct,9-Oct,124,31
376,NHACOONGO,II,9,CML366,MOZL5,CML366 x MOZL5,6.29,118,24,3332,2830,1.39,3.06,9-Oct,5-Oct,69,12
377,NHACOONGO,II,42,CML532,MOZL9,CML532 x MOZL9,5.61,105,23,2451,2418,1.32,2.86,8-Oct,6-Oct,85,15
378,NHACOONGO,II,22,CML364,MOZL7,CML364 x MOZL7,3.21,60,26,2013,1567,1.32,2.44,12-Oct,11-Oct,92,13
379,NHACOONGO,II,47,CML439,MOZL10,CML439 x MOZL10,5.7,107,20,1768,2136,1.47,2.86,13-Oct,10-Oct,93,9
380,NHACOONGO,II,30,CML366,MOZL8,CML366 x MOZL8,3.24,61,23,1895,1398,1.83,2.22,8-Oct,7-Oct,151,34
381,NHACOONGO,II,12,CML439,MOZL5,CML439 x MOZL5,5.38,101,25,2661,2524,1.28,2.49,6-Oct,4-Oct,69,7
382,NHACOONGO,II,10,CML434,MOZL5,CML434 x MOZL5,5.22,98,28,2534,2742,1.27,2.48,6-Oct,5-Oct,96,18
383,NHACOONGO,II,27,CML530,MOZL7,CML530 x MOZL7,3.65,68,28,2393,1915,1.4,2.57,6-Oct,4-Oct,60,14
384,NHACOONGO,II,34,CML530,MOZL8,CML530 x MOZL8,7.36,138,11,2369,1518,1.4,2.56,11-Oct,10-Oct,68,12
385,NHACOONGO,II,14,CML532,MOZL5,CML532 x MOZL5,2.33,44,12,1786,524,1.25,2.09,5-Oct,4-Oct,71,18
386,NHACOONGO,II,46,CML435,MOZL10,CML435 x MOZL10,5.18,97,9,674,874,1.91,2.23,13-Oct,11-Oct,113,31
387,NHACOONGO,II,17,CML434,MOZL6,CML434 x MOZL6,6.71,126,11,1081,1383,1.27,2.6,12-Oct,10-Oct,65,10
388,NHACOONGO,II,36,CML364,MOZL9,CML364 x MOZL9,5.19,97,19,1787,1848,1.24,2.74,11-Oct,8-Oct,69,16
389,NHACOONGO,II,4,CML435,MOZL3,CML435 x MOZL3,5.89,111,14,2161,1547,1.23,2.63,9-Oct,8-Oct,85,17
390,NHACOONGO,II,32,CML435,MOZL8,CML435 x MOZL8,3.08,58,19,1953,1099,1.16,2.34,9-Oct,6-Oct,42,9
391,NHACOONGO,II,41,CML530,MOZL9,CML530 x MOZL9,2.07,39,16,1357,622,1.22,1.69,6-Oct,4-Oct,49,9
392,NHACOONGO,II,5,CML439,MOZL3,CML439 x MOZL3,2.75,51,17,836,875,1.21,2.56,12-Oct,9-Oct,39,6
393,NHACOONGO,II,44,CML366,MOZL10,CML366 x MOZL10,5.25,98,17,1098,1672,1.17,2.77,11-Oct,9-Oct,43,5
394,NHACOONGO,II,49,CML532,MOZL10,CML532 x MOZL10,6.37,119,14,2115,1672,1.13,2.75,12-Oct,10-Oct,36,10
395,NHACOONGO,II,45,CML434,MOZL10,CML434 x MOZL10,3.48,65,25,2028,1631,1.28,2.84,9-Oct,6-Oct,61,14
396,NHACOONGO,II,29,CML364,MOZL8,CML364 x MOZL8,5.26,99,19,2275,1873,1.28,2.84,8-Oct,6-Oct,72,13
397,NHACOONGO,II,48,CML530,MOZL10,CML530 x MOZL10,5.54,104,18,2060,1869,1.95,3.06,10-Oct,8-Oct,162,35
398,NHACOONGO,II,24,CML434,MOZL7,CML434 x MOZL7,4.12,77,26,2538,2009,1.23,3.08,15-Oct,10-Oct,97,11
399,NHACOONGO,II,0,Check,Check,NAMULONGUE,7.79,146,17.5,3658,2540,1.715,2.715,16-Oct,11-Oct,91.5,14.5
400,NHACOONGO,II,13,CML530,MOZL5,CML530 x MOZL5,1.96,37,13,691,478,1.23,3.07,11-Oct,9-Oct,107,28
401,NHACOONGO,III,25,CML435,MOZL7,CML435 x MOZL7,4.38,82,18,1869,1479.5,1.28,3.1,12-Oct,10-Oct,144,30
402,NHACOONGO,III,34,CML530,MOZL8,CML530 x MOZL8,4.51,85,21,2906.5,1777.5,1.23,3.07,7-Oct,5-Oct,101,25
403,NHACOONGO,III,40,CML439,MOZL9,CML439 x MOZL9,5.27,99,19,2077.5,1878.5,1.23,2.37,6-Oct,4-Oct,120,14
404,NHACOONGO,III,11,CML435,MOZL5,CML435 x MOZL5,4.33,81,23,1936,1866,2.09,2.8,8-Oct,6-Oct,120,26
405,NHACOONGO,III,49,CML532,MOZL10,CML532 x MOZL10,4.69,88,23,2334,2022.5,1.27,2.79,18-Oct,16-Oct,71,14
406,NHACOONGO,III,15,CML364,MOZL6,CML364 x MOZL6,4.95,93,13,1359.5,1205.5,1.21,2.89,18-Oct,16-Oct,102,14
407,NHACOONGO,III,6,CML530,MOZL3,CML530 x MOZL3,4.96,93,17,1926.5,1581,1.02,2.64,18-Oct,16-Oct,92,20
408,NHACOONGO,III,47,CML439,MOZL10,CML439 x MOZL10,4.74,89,26,2300,2308.5,1.13,2.93,12-Oct,8-Oct,110,13
409,NHACOONGO,III,9,CML366,MOZL5,CML366 x MOZL5,6.61,124,22,2772,2726.5,1.12,2.69,15-Oct,13-Oct,179,26
410,NHACOONGO,III,21,CML532,MOZL6,CML532 x MOZL6,5.69,107,15,1662,1600.5,1.12,2.39,12-Oct,9-Oct,130,23
411,NHACOONGO,III,39,CML435,MOZL9,CML435 x MOZL9,5.37,101,23,2558,2315.5,1.27,2.68,18-Oct,15-Oct,135,22
412,NHACOONGO,III,22,CML364,MOZL7,CML364 x MOZL7,4.68,88,25,2613,2192,1.11,2.1,9-Oct,6-Oct,134,22
413,NHACOONGO,III,13,CML530,MOZL5,CML530 x MOZL5,3.17,59,19,1421.5,1130,1.29,1.2,12-Oct,9-Oct,143,24
414,NHACOONGO,III,29,CML364,MOZL8,CML364 x MOZL8,5.86,110,21,2577.5,2305.5,1.24,2.69,12-Oct,9-Oct,125,17
415,NHACOONGO,III,42,CML532,MOZL9,CML532 x MOZL9,4.87,91,21,2090.5,1919,1.3,2.59,12-Oct,6-Oct,97,16
416,NHACOONGO,III,3,CML434,MOZL3,CML434 x MOZL3,5.44,102,18,1836.5,1837,1.3,2.97,12-Oct,10-Oct,164,35
417,NHACOONGO,III,16,CML366,MOZL6,CML366 x MOZL6,4.52,85,24,2424.5,2036,1.16,2.69,11-Oct,9-Oct,173,27
418,NHACOONGO,III,37,CML366,MOZL9,CML366 x MOZL9,4.09,77,21,1715.5,1609.5,1.21,2.62,15-Oct,14-Oct,107,17
419,NHACOONGO,III,45,CML434,MOZL10,CML434 x MOZL10,4.1,77,22,2124,1693,1.91,3.01,21-Oct,19-Oct,163,22
420,NHACOONGO,III,24,CML434,MOZL7,CML434 x MOZL7,5.3,99,20,2507,1988.5,1.21,2.66,15-Oct,13-Oct,89,16
421,NHACOONGO,III,48,CML530,MOZL10,CML530 x MOZL10,5.36,101,25,2437.5,2513,1.13,2.68,13-Oct,10-Oct,159,29
422,NHACOONGO,III,20,CML530,MOZL6,CML530 x MOZL6,2.98,56,18,1245,1006,1.15,2.75,14-Oct,12-Oct,65,10
423,NHACOONGO,III,5,CML439,MOZL3,CML439 x MOZL3,2.41,45,25,1267.5,1130,1.11,2.94,15-Oct,13-Oct,115,13
424,NHACOONGO,III,30,CML366,MOZL8,CML366 x MOZL8,4.26,80,23,1974.5,1835.5,1.92,2.89,17-Oct,15-Oct,219,35
425,NHACOONGO,III,14,CML532,MOZL5,CML532 x MOZL5,3.32,62,28,2438,1745.5,1.12,2.94,18-Oct,15-Oct,157,33
426,NHACOONGO,III,44,CML366,MOZL10,CML366 x MOZL10,5.17,97,24,2136.5,2325,1.07,2.54,11-Oct,7-Oct,108,31
427,NHACOONGO,III,19,CML439,MOZL6,CML439 x MOZL6,5.13,96,22,2603,2114.5,1.18,2.59,11-Oct,9-Oct,148,11
428,NHACOONGO,III,35,CML532,MOZL8,CML532 x MOZL8,3.61,68,25,1666,1694.5,1.12,2.64,16-Oct,15-Oct,168,20
429,NHACOONGO,III,28,CML532,MOZL7,CML532 x MOZL7,2.78,52,27,1847.5,1405.5,1.12,2.24,10-Oct,7-Oct,135,19
430,NHACOONGO,III,12,CML439,MOZL5,CML439 x MOZL5,5.36,101,21,2378.5,2111.5,1.31,2.52,15-Oct,13-Oct,120,31
431,NHACOONGO,III,7,CML532,MOZL3,CML532 x MOZL3,2.77,52,17,1167.5,884,1.04,2.45,8-Oct,6-Oct,114,22
432,NHACOONGO,III,32,CML435,MOZL8,CML435 x MOZL8,3.87,73,16,1798.5,1160.5,1.24,2.47,18-Oct,16-Oct,123,29
433,NHACOONGO,III,26,CML439,MOZL7,CML439 x MOZL7,5.49,103,23,2998.5,2369,1.08,2.34,17-Oct,15-Oct,172,31
434,NHACOONGO,III,2,CML366,MOZL3,CML366 x MOZL3,5.51,103,23,2519,2378,1.33,2.68,16-Oct,13-Oct,154,23
435,NHACOONGO,III,27,CML530,MOZL7,CML530 x MOZL7,10.66,200,20,4636,3998,1.88,2.73,18-Oct,15-Oct,230,65
436,NHACOONGO,III,18,CML435,MOZL6,CML435 x MOZL6,5.98,112,19,2328,2129.5,1.05,2.72,12-Oct,11-Oct,107,15
437,NHACOONGO,III,36,CML364,MOZL9,CML364 x MOZL9,6.16,115,20,2240,2309.5,1.27,2.84,13-Oct,11-Oct,146,21
438,NHACOONGO,III,38,CML434,MOZL9,CML434 x MOZL9,3.62,68,25,2035.5,1697,1.29,2.84,15-Oct,13-Oct,105,22
439,NHACOONGO,III,10,CML434,MOZL5,CML434 x MOZL5,7.06,132,22,3422.5,2912,1.24,2.7,10-Oct,8-Oct,128,27
440,NHACOONGO,III,4,CML435,MOZL3,CML435 x MOZL3,6.47,121,16,2166.5,1939.5,1.27,2.84,11-Oct,6-Oct,127,21
441,NHACOONGO,III,41,CML530,MOZL9,CML530 x MOZL9,2.66,50,24,1771,1197,1.14,2.67,12-Oct,8-Oct,77,15
442,NHACOONGO,III,33,CML439,MOZL8,CML439 x MOZL8,5.87,110,24,2990.5,2639.5,1.23,2.84,6-Oct,4-Oct,139,21
443,NHACOONGO,III,43,CML364,MOZL10,CML364 x MOZL10,4.86,91,21,2321,1913,1.38,2.63,12-Oct,11-Oct,142,23
444,NHACOONGO,III,1,CML364,MOZL3,CML364 x MOZL3,5,94,20,2010.5,1875,1.4,2.36,16-Oct,14-Oct,138,22
445,NHACOONGO,III,17,CML434,MOZL6,CML434 x MOZL6,3.01,56,27,1553,1525,1.13,2.48,14-Oct,11-Oct,162,36
446,NHACOONGO,III,46,CML435,MOZL10,CML435 x MOZL10,3.03,57,29,1470.5,1646,1.17,3.11,9-Oct,6-Oct,93,15
447,NHACOONGO,III,8,CML364,MOZL5,CML364 x MOZL5,4.77,89,22,2230,1968.5,1.26,3.09,15-Oct,12-Oct,96,20
448,NHACOONGO,III,31,CML434,MOZL8,CML434 x MOZL8,4.77,89,27,2594.5,2413.5,1.22,3.12,9-Oct,6-Oct,85,12
449,NHACOONGO,III,0,Check,Check,NAMULONGUE,4.09,76.5,12.5,1285.5,964,1.18,3.15,10-Oct,7-Oct,151.5,27
450,NHACOONGO,III,23,CML366,MOZL7,CML366 x MOZL7,3.69,69,26,1786,1799.5,1.22,3.06,15-Oct,12-Oct,85,23
451,SUSSUNDENGA,I,45,CML434,MOZL10,CML434 x MOZL10,6.32,118,22,3295,2605,1.79,3.31,16-Oct,21-Oct,117,10
452,SUSSUNDENGA,I,2,CML366,MOZL3,CML366 x MOZL3,8.36,157,24,4665,3760,1.97,3.37,16-Oct,21-Oct,132,10
453,SUSSUNDENGA,I,37,CML366,MOZL9,CML366 x MOZL9,6.75,127,26,3895,3290,1.74,3.34,14-Oct,16-Oct,68,11
454,SUSSUNDENGA,I,16,CML366,MOZL6,CML366 x MOZL6,8.52,160,21,4020,3355,1.72,3.42,15-Oct,16-Oct,104,24
455,SUSSUNDENGA,I,26,CML439,MOZL7,CML439 x MOZL7,7.35,138,23,3975,3171,1.61,3.04,16-Oct,18-Oct,115,12
456,SUSSUNDENGA,I,40,CML439,MOZL9,CML439 x MOZL9,6.71,126,22,3565,2767,1.46,2.9,17-Oct,22-Oct,72,10
457,SUSSUNDENGA,I,7,CML532,MOZL3,CML532 x MOZL3,6.75,127,23,3690,2911,1.51,2.66,28-Oct,28-Oct,71,13
458,SUSSUNDENGA,I,28,CML532,MOZL7,CML532 x MOZL7,8.52,160,22,4455,3515,1.66,2.89,31-Oct,31-Oct,136,26
459,SUSSUNDENGA,I,10,CML434,MOZL5,CML434 x MOZL5,6.65,125,21,3185,2620,1.5,2.97,26-Oct,31-Oct,165,26
460,SUSSUNDENGA,I,19,CML439,MOZL6,CML439 x MOZL6,5.68,106,23,3010,2448,1.33,2.3,26-Oct,31-Oct,118,29
461,SUSSUNDENGA,I,35,CML532,MOZL8,CML532 x MOZL8,5.69,107,17,2325,1814,1.26,2.33,24-Oct,29-Oct,48,10
462,SUSSUNDENGA,I,0,Check,Check,NAMULONGUE,6.03,113,18,2560,2035,1.5,2.28,29-Oct,31-Oct,127,16
463,SUSSUNDENGA,I,29,CML364,MOZL8,CML364 x MOZL8,4.62,87,19,2115,1647,1.15,3.01,1-Nov,3-Nov,53,8
464,SUSSUNDENGA,I,14,CML532,MOZL5,CML532 x MOZL5,4.19,79,20,1875,1570,1.26,2.77,31-Oct,4-Nov,39,6
465,SUSSUNDENGA,I,48,CML530,MOZL10,CML530 x MOZL10,7.96,149,13,2430,1941,1.28,2.73,3-Nov,5-Nov,67,8
466,SUSSUNDENGA,I,30,CML366,MOZL8,CML366 x MOZL8,6.27,117,21,2975,2467,1.21,2.27,1-Nov,4-Nov,80,10
467,SUSSUNDENGA,I,4,CML435,MOZL3,CML435 x MOZL3,3.53,66,13,1295,860,1.14,2.65,1-Nov,6-Nov,41,6
468,SUSSUNDENGA,I,17,CML434,MOZL6,CML434 x MOZL6,5.4,101,18,2215,1821,1.35,3.13,29-Oct,1-Nov,50,6
469,SUSSUNDENGA,I,9,CML366,MOZL5,CML366 x MOZL5,6.44,121,21,2995,2535,1.78,2.96,25-Oct,29-Oct,67,12
470,SUSSUNDENGA,I,43,CML364,MOZL10,CML364 x MOZL10,8.05,151,16,2995,2415,1.39,3.03,20-Oct,25-Oct,96,11
471,SUSSUNDENGA,I,13,CML530,MOZL5,CML530 x MOZL5,4.08,76,24,2320,1835,1.35,2.86,26-Oct,29-Oct,52,8
472,SUSSUNDENGA,I,32,CML435,MOZL8,CML435 x MOZL8,5.19,97,18,2075,1753,1.36,2.4,25-Oct,28-Oct,65,10
473,SUSSUNDENGA,I,22,CML364,MOZL7,CML364 x MOZL7,7.91,148,18,3230,2670,1.41,2.9,19-Oct,22-Oct,147,30
474,SUSSUNDENGA,I,39,CML435,MOZL9,CML435 x MOZL9,5.55,104,23,2825,2395,1.37,1.97,25-Oct,25-Oct,55,8
475,SUSSUNDENGA,I,47,CML439,MOZL10,CML439 x MOZL10,6.33,119,16,2405,1900,1.42,1.94,22-Oct,25-Oct,132,10
476,SUSSUNDENGA,I,25,CML435,MOZL7,CML435 x MOZL7,7.82,147,18,3030,2639,1.58,3,25-Oct,25-Oct,65,8
477,SUSSUNDENGA,I,49,CML532,MOZL10,CML532 x MOZL10,7.56,142,19,3535,2692,1.48,2.9,26-Oct,28-Oct,138,23
478,SUSSUNDENGA,I,36,CML364,MOZL9,CML364 x MOZL9,4.49,84,24,3185,2020,1.48,2.43,25-Oct,25-Oct,74,10
479,SUSSUNDENGA,I,5,CML439,MOZL3,CML439 x MOZL3,5.83,109,21,2809,2295,1.57,2.93,19-Oct,28-Oct,58,9
480,SUSSUNDENGA,I,41,CML530,MOZL9,CML530 x MOZL9,9.56,179,17,3685,3046,1.52,2.86,14-Oct,16-Oct,137,23
481,SUSSUNDENGA,I,15,CML364,MOZL6,CML364 x MOZL6,7.98,150,20,3519,2991,1.75,3.37,17-Oct,24-Oct,213,26
482,SUSSUNDENGA,I,31,CML434,MOZL8,CML434 x MOZL8,7.4,139,20,3980,2775,1.65,3,14-Oct,16-Oct,58,23
483,SUSSUNDENGA,I,21,CML532,MOZL6,CML532 x MOZL6,6.02,113,23,3170,2595,1.57,3.07,20-Oct,24-Oct,220,21
484,SUSSUNDENGA,I,33,CML439,MOZL8,CML439 x MOZL8,6.25,117,21,3005,2460,1.58,2.71,15-Oct,17-Oct,119,23
485,SUSSUNDENGA,I,44,CML366,MOZL10,CML366 x MOZL10,5.84,110,22,2840,2411,1.5,2.85,2-Nov,6-Nov,59,14
486,SUSSUNDENGA,I,11,CML435,MOZL5,CML435 x MOZL5,7.35,138,20,3480,2758,1.43,2.92,31-Oct,2-Nov,81,15
487,SUSSUNDENGA,I,8,CML364,MOZL5,CML364 x MOZL5,8.08,151,19,3405,2878,1.5,3.27,26-Oct,29-Oct,130,17
488,SUSSUNDENGA,I,38,CML434,MOZL9,CML434 x MOZL9,5.62,105,22,3025,2317,1.63,3.33,27-Oct,30-Oct,79,17
489,SUSSUNDENGA,I,24,CML434,MOZL7,CML434 x MOZL7,7.48,140,18,3025,2523,1.55,3.36,28-Oct,1-Nov,100,14
490,SUSSUNDENGA,I,3,CML434,MOZL3,CML434 x MOZL3,5.96,112,20,2730,2236,1.4,3.39,27-Oct,31-Oct,57,8
491,SUSSUNDENGA,I,6,CML530,MOZL3,CML530 x MOZL3,7.95,149,21,3870,3130,1.53,3.38,25-Oct,22-May,131,18
492,SUSSUNDENGA,I,27,CML530,MOZL7,CML530 x MOZL7,8.07,151,23,4450,3480,1.55,3.4,28-Oct,30-Oct,140,15
493,SUSSUNDENGA,I,42,CML532,MOZL9,CML532 x MOZL9,7.51,141,18,3170,2535,1.42,3.35,26-Oct,28-Oct,84,15
494,SUSSUNDENGA,I,34,CML530,MOZL8,CML530 x MOZL8,6.76,127,22,3335,2788,1.46,3.34,25-Oct,25-Oct,43,11
495,SUSSUNDENGA,I,18,CML435,MOZL6,CML435 x MOZL6,5.34,100,21,2590,2102,1.4,3.36,25-Oct,25-Oct,48,7
496,SUSSUNDENGA,I,1,CML364,MOZL3,CML364 x MOZL3,6.91,129,19,3005,2460,1.3,3.4,30-Oct,2-Nov,121,10
497,SUSSUNDENGA,I,46,CML435,MOZL10,CML435 x MOZL10,4.17,78,16,1850,1250,1.18,3.26,30-Oct,2-Nov,49,6
498,SUSSUNDENGA,I,23,CML366,MOZL7,CML366 x MOZL7,4.77,90,16,1837,1432,1.38,3.39,8-Nov,17-Nov,45,8
499,SUSSUNDENGA,I,12,CML439,MOZL5,CML439 x MOZL5,5.93,111,17,2235,1890,1.26,3.33,26-Oct,30-Oct,44,8
500,SUSSUNDENGA,I,20,CML530,MOZL6,CML530 x MOZL6,9,169,19,4085,3205,1.3,3.32,27-Oct,30-Oct,88,17
501,SUSSUNDENGA,II,19,CML439,MOZL6,CML439 x MOZL6,7.43,139,15,2505,2089,1.6,3.31,26-Oct,28-Oct,144,24
502,SUSSUNDENGA,II,1,CML364,MOZL3,CML364 x MOZL3,7.87,148,16,2990,2361,1.6,3.4,29-Oct,31-Oct,131,19
503,SUSSUNDENGA,II,23,CML366,MOZL7,CML366 x MOZL7,7.71,145,21,3705,3035,1.73,3.39,26-Oct,29-Oct,100,14
504,SUSSUNDENGA,II,3,CML434,MOZL3,CML434 x MOZL3,8.03,151,20,3605,3010,1.71,3.41,22-Oct,25-Oct,99,14
505,SUSSUNDENGA,II,39,CML435,MOZL9,CML435 x MOZL9,7.39,139,19,3240,2632,1.54,3.3,23-Oct,25-Oct,55,8
506,SUSSUNDENGA,II,37,CML366,MOZL9,CML366 x MOZL9,5.47,103,21,2610,2153,1.6,3.15,27-Oct,30-Oct,53,11
507,SUSSUNDENGA,II,15,CML364,MOZL6,CML364 x MOZL6,8.15,153,19,3585,2905,1.75,3.43,29-Oct,30-Oct,131,15
508,SUSSUNDENGA,II,20,CML530,MOZL6,CML530 x MOZL6,7.85,147,21,3860,3091,1.56,3.65,29-Oct,30-Oct,114,20
509,SUSSUNDENGA,II,8,CML364,MOZL5,CML364 x MOZL5,7.21,135,21,3490,2837,1.44,3.4,27-Oct,31-Oct,86,12
510,SUSSUNDENGA,II,33,CML439,MOZL8,CML439 x MOZL8,6.71,126,20,2985,2515,1.39,3.12,24-Oct,25-Oct,62,8
511,SUSSUNDENGA,II,35,CML532,MOZL8,CML532 x MOZL8,8,150,15,2835,2249,1.62,2.9,30-Oct,30-Oct,60,13
512,SUSSUNDENGA,II,11,CML435,MOZL5,CML435 x MOZL5,6.92,130,18,2862,2336,1.28,2.93,3-Nov,4-Nov,69,14
513,SUSSUNDENGA,II,28,CML532,MOZL7,CML532 x MOZL7,7.67,144,15,2755,2158,1.44,5.91,11-Nov,12-Nov,128,12
514,SUSSUNDENGA,II,43,CML364,MOZL10,CML364 x MOZL10,5.55,104,18,2239,1873,1.42,2.91,6-Nov,9-Nov,54,8
515,SUSSUNDENGA,II,38,CML434,MOZL9,CML434 x MOZL9,6.89,129,18,2830,2325,1.52,3.14,6-Nov,8-Nov,78,16
516,SUSSUNDENGA,II,7,CML532,MOZL3,CML532 x MOZL3,5.98,112,18,2660,2018,1.42,2.9,2-Nov,4-Nov,71,12
517,SUSSUNDENGA,II,16,CML366,MOZL6,CML366 x MOZL6,6.9,129,17,2705,2199,1.45,2.94,27-Oct,1-Nov,74,10
518,SUSSUNDENGA,II,40,CML439,MOZL9,CML439 x MOZL9,6.41,120,23,3425,2763,1.46,2.91,21-Oct,22-Oct,67,18
519,SUSSUNDENGA,II,25,CML435,MOZL7,CML435 x MOZL7,7.28,137,21,3500,2867,1.56,3.23,26-Oct,28-Oct,136,18
520,SUSSUNDENGA,II,18,CML435,MOZL6,CML435 x MOZL6,6.75,127,20,3095,2531,1.53,2.92,17-Oct,19-Oct,147,27
521,SUSSUNDENGA,II,6,CML530,MOZL3,CML530 x MOZL3,8,150,19,3510,2850,1.65,3.15,26-Oct,30-Oct,104,12
522,SUSSUNDENGA,II,21,CML532,MOZL6,CML532 x MOZL6,6.3,118,22,3350,2600,1.63,2.91,29-Oct,30-Oct,219,29
523,SUSSUNDENGA,II,31,CML434,MOZL8,CML434 x MOZL8,7.4,139,15,2535,2081,1.69,2.91,26-Oct,26-Oct,194,30
524,SUSSUNDENGA,II,2,CML366,MOZL3,CML366 x MOZL3,7.81,146,19,3320,2781,1.67,2.91,24-Oct,28-Oct,93,11
525,SUSSUNDENGA,II,49,CML532,MOZL10,CML532 x MOZL10,6.46,121,22,3285,2663,1.62,3.15,25-Oct,30-Oct,170,14
526,SUSSUNDENGA,II,26,CML439,MOZL7,CML439 x MOZL7,7.15,134,20,3200,2680,1.69,2.95,19-Oct,23-Oct,193,31
527,SUSSUNDENGA,II,9,CML366,MOZL5,CML366 x MOZL5,8.49,159,19,3675,3024,1.86,2.65,19-Oct,22-Oct,179,25
528,SUSSUNDENGA,II,42,CML532,MOZL9,CML532 x MOZL9,9.42,177,19,4210,3357,1.77,2.85,18-Oct,21-Oct,222,28
529,SUSSUNDENGA,II,22,CML364,MOZL7,CML364 x MOZL7,7.98,150,21,3795,3142,1.78,2.43,24-Oct,24-Oct,201,14
530,SUSSUNDENGA,II,47,CML439,MOZL10,CML439 x MOZL10,6.7,126,18,2990,2262,1.76,2.7,24-Oct,24-Oct,167,20
531,SUSSUNDENGA,II,30,CML366,MOZL8,CML366 x MOZL8,9.05,170,20,4100,3393,1.76,2.69,20-Nov,22-Oct,200,24
532,SUSSUNDENGA,II,12,CML439,MOZL5,CML439 x MOZL5,7.03,132,14,2270,1846,1.65,2.88,20-Oct,21-Oct,137,12
533,SUSSUNDENGA,II,10,CML434,MOZL5,CML434 x MOZL5,8.35,157,18,3470,2817,1.78,2.87,16-Oct,19-Oct,91,14
534,SUSSUNDENGA,II,27,CML530,MOZL7,CML530 x MOZL7,8.78,165,20,4100,3294,1.61,2.3,26-Oct,30-Oct,279,30
535,SUSSUNDENGA,II,34,CML530,MOZL8,CML530 x MOZL8,7.43,139,23,3920,3203,1.63,2.44,16-Oct,21-Oct,183,32
536,SUSSUNDENGA,II,14,CML532,MOZL5,CML532 x MOZL5,9.17,172,21,4450,3610,1.78,2.81,18-Oct,20-Oct,130,13
537,SUSSUNDENGA,II,36,CML364,MOZL9,CML364 x MOZL9,6.75,126,21,3325,2656,1.62,2.95,16-Oct,18-Oct,111,20
538,SUSSUNDENGA,II,17,CML434,MOZL6,CML434 x MOZL6,8.33,156,21,3975,3280,1.71,2.94,15-Oct,18-Oct,103,35
539,SUSSUNDENGA,II,46,CML435,MOZL10,CML435 x MOZL10,6.92,130,22,3610,2853,1.55,2.65,16-Oct,18-Oct,204,18
540,SUSSUNDENGA,II,4,CML435,MOZL3,CML435 x MOZL3,8.33,156,19,3685,2968,1.59,1.9,16-Oct,18-Oct,82,11
541,SUSSUNDENGA,II,32,CML435,MOZL8,CML435 x MOZL8,6.02,113,15,2350,1694,1.55,2.77,14-Oct,17-Oct,74,11
542,SUSSUNDENGA,II,41,CML530,MOZL9,CML530 x MOZL9,10.19,191,21,4880,4013,1.61,3.08,17-Oct,19-Oct,165,41
543,SUSSUNDENGA,II,5,CML439,MOZL3,CML439 x MOZL3,8.14,153,20,3855,3053,1.68,3.06,21-Oct,23-Oct,155,14
544,SUSSUNDENGA,II,44,CML366,MOZL10,CML366 x MOZL10,8,150,20,3725,3001,1.72,3.15,27-Oct,29-Oct,39,9
545,SUSSUNDENGA,II,0,Check,Check,NAMULONGUE,9.55,179,17,4756,3045,1.93,3.15,24-Oct,25-Oct,56,13
546,SUSSUNDENGA,II,45,CML434,MOZL10,CML434 x MOZL10,7.65,143,21,3725,3012,1.69,3.37,24-Oct,25-Oct,50,14
547,SUSSUNDENGA,II,29,CML364,MOZL8,CML364 x MOZL8,6.73,126,17,2735,2145,1.67,3.39,25-Oct,28-Oct,114,22
548,SUSSUNDENGA,II,48,CML530,MOZL10,CML530 x MOZL10,8.7,163,21,4225,3424,1.69,3.38,23-Oct,25-Oct,216,31
549,SUSSUNDENGA,II,24,CML434,MOZL7,CML434 x MOZL7,8.06,151,20,3745,3022,1.63,3.41,24-Oct,30-Oct,60,13
550,SUSSUNDENGA,II,13,CML530,MOZL5,CML530 x MOZL5,8.04,151,20,3790,3016,1.34,3.38,19-Oct,21-Oct,168,33
551,SUSSUNDENGA,III,25,CML435,MOZL7,CML435 x MOZL7,8.07,151,21,3920,3176,1.6,2.68,25-Oct,29-Oct,222,26
552,SUSSUNDENGA,III,34,CML530,MOZL8,CML530 x MOZL8,6.99,131,22,3465,2885,1.52,3.11,21-Oct,26-Oct,167,13
553,SUSSUNDENGA,III,40,CML439,MOZL9,CML439 x MOZL9,5.9,111,17,2280,1880,1.5,3.1,25-Oct,29-Oct,95,17
554,SUSSUNDENGA,III,11,CML435,MOZL5,CML435 x MOZL5,6.72,126,23,3660,2900,1.56,3.2,28-Oct,30-Oct,79,11
555,SUSSUNDENGA,III,0,Check,Check,NAMULONGUE,10.11,190,18,4155,3413,1.8,2.95,2-Nov,3-Nov,73,22
556,SUSSUNDENGA,III,15,CML364,MOZL6,CML364 x MOZL6,8.47,159,21,4140,3335,1.79,3.24,30-Oct,31-Oct,123,18
557,SUSSUNDENGA,III,6,CML530,MOZL3,CML530 x MOZL3,8.7,163,21,4395,3425,1.82,3,26-Oct,30-Oct,81,35
558,SUSSUNDENGA,III,47,CML439,MOZL10,CML439 x MOZL10,6.69,125,21,3310,2634,1.69,2.7,26-Oct,26-Oct,51,10
559,SUSSUNDENGA,III,9,CML366,MOZL5,CML366 x MOZL5,8.99,169,23,4800,3878,1.82,2.99,25-Oct,26-Oct,135,34
560,SUSSUNDENGA,III,21,CML532,MOZL6,CML532 x MOZL6,8.51,160,20,4020,3192,1.77,2.41,30-Oct,30-Oct,137,16
561,SUSSUNDENGA,III,39,CML435,MOZL9,CML435 x MOZL9,7.41,139,20,3420,2780,1.67,1.41,19-Oct,21-Oct,74,13
562,SUSSUNDENGA,III,22,CML364,MOZL7,CML364 x MOZL7,7.49,141,21,3695,2951,1.68,2.9,26-Oct,26-Oct,145,13
563,SUSSUNDENGA,III,13,CML530,MOZL5,CML530 x MOZL5,7.56,142,20,3335,2836,1.69,2.9,26-Oct,26-Oct,166,16
564,SUSSUNDENGA,III,29,CML364,MOZL8,CML364 x MOZL8,7.17,135,19,3225,2556,1.79,3.28,23-Oct,26-Oct,114,23
565,SUSSUNDENGA,III,42,CML532,MOZL9,CML532 x MOZL9,8.74,164,22,4410,3605,1.73,2.9,30-Oct,31-Oct,137,32
566,SUSSUNDENGA,III,3,CML434,MOZL3,CML434 x MOZL3,9.51,178,21,4555,3746,1.8,2.93,25-Oct,27-Oct,147,38
567,SUSSUNDENGA,III,16,CML366,MOZL6,CML366 x MOZL6,6.3,118,23,3285,2718,1.97,3,26-Oct,31-Oct,65,10
568,SUSSUNDENGA,III,37,CML366,MOZL9,CML366 x MOZL9,7.15,134,22,3655,2950,1.7,2.87,27-Oct,30-Oct,68,16
569,SUSSUNDENGA,III,45,CML434,MOZL10,CML434 x MOZL10,7.41,139,22,3810,3055,1.61,2.89,24-Oct,26-Oct,64,16
570,SUSSUNDENGA,III,24,CML434,MOZL7,CML434 x MOZL7,7.86,147,22,3877,3244,1.78,2.96,25-Oct,30-Oct,207,29
571,SUSSUNDENGA,III,48,CML530,MOZL10,CML530 x MOZL10,6.48,121,24,3600,2914,1.81,3.25,20-Oct,21-Oct,53,17
572,SUSSUNDENGA,III,20,CML530,MOZL6,CML530 x MOZL6,9.15,171,21,4460,3601,1.83,3.1,20-Oct,21-Oct,123,19
573,SUSSUNDENGA,III,5,CML439,MOZL3,CML439 x MOZL3,7.63,143,18,3315,2574,1.74,3.15,16-Oct,18-Oct,92,14
574,SUSSUNDENGA,III,30,CML366,MOZL8,CML366 x MOZL8,8.16,153,22,4125,3368,1.67,2.75,16-Oct,19-Oct,66,15
575,SUSSUNDENGA,III,14,CML532,MOZL5,CML532 x MOZL5,9.32,175,17,3473,2970,1.77,2.9,20-Oct,20-Oct,108,21
576,SUSSUNDENGA,III,44,CML366,MOZL10,CML366 x MOZL10,9.09,171,19,4000,3240,1.81,2.95,17-Oct,19-Oct,84,23
577,SUSSUNDENGA,III,19,CML439,MOZL6,CML439 x MOZL6,7.8,146,22,3910,3218,1.91,2.45,16-Oct,19-Nov,122,17
578,SUSSUNDENGA,III,35,CML532,MOZL8,CML532 x MOZL8,7.91,148,20,3535,2966,2,2.73,19-Oct,20-Oct,85,12
579,SUSSUNDENGA,III,28,CML532,MOZL7,CML532 x MOZL7,10.49,197,22,5520,4328,2.24,2.76,25-Oct,25-Oct,214,56
580,SUSSUNDENGA,III,12,CML439,MOZL5,CML439 x MOZL5,8.97,168,16,3290,2691,1.9,2.78,15-Oct,17-Oct,211,26
581,SUSSUNDENGA,III,7,CML532,MOZL3,CML532 x MOZL3,10.38,195,19,4695,3698,1.94,2.65,24-Oct,24-Oct,142,29
582,SUSSUNDENGA,III,32,CML435,MOZL8,CML435 x MOZL8,7.48,140,20,3385,2805,1.84,2.89,14-Oct,17-Oct,116,25
583,SUSSUNDENGA,III,49,CML532,MOZL10,CML532 x MOZL10,8.97,168,23,4695,3868,1.81,2.94,20-Oct,21-Oct,231,31
584,SUSSUNDENGA,III,26,CML439,MOZL7,CML439 x MOZL7,8.03,151,21,3970,3161,1.58,2.93,17-Oct,19-Oct,162,22
585,SUSSUNDENGA,III,2,CML366,MOZL3,CML366 x MOZL3,10.5,197,24,5630,4725,1.91,3.15,17-Oct,19-Oct,283,35
586,SUSSUNDENGA,III,27,CML530,MOZL7,CML530 x MOZL7,9.46,177,20,4335,3547,1.94,3.15,18-Oct,20-Oct,215,14
587,SUSSUNDENGA,III,18,CML435,MOZL6,CML435 x MOZL6,6.76,127,22,3410,2788,1.87,2.91,17-Oct,19-Oct,61,12
588,SUSSUNDENGA,III,36,CML364,MOZL9,CML364 x MOZL9,6.16,115,26,3740,3002,1.71,3.15,17-Oct,19-Oct,111,15
589,SUSSUNDENGA,III,38,CML434,MOZL9,CML434 x MOZL9,8.35,156,21,4085,3286,1.82,2.98,19-Oct,23-Oct,113,14
590,SUSSUNDENGA,III,10,CML434,MOZL5,CML434 x MOZL5,9.92,186,21,4645,3904,1.92,3.15,17-Oct,19-Oct,210,28
591,SUSSUNDENGA,III,4,CML435,MOZL3,CML435 x MOZL3,7.04,132,19,3120,2507,1.89,2.84,20-Oct,22-Dec,112,32
592,SUSSUNDENGA,III,41,CML530,MOZL9,CML530 x MOZL9,9.15,172,22,4585,3773,1.72,2.67,17-Oct,19-Oct,116,22
593,SUSSUNDENGA,III,33,CML439,MOZL8,CML439 x MOZL8,7.72,145,22,3830,3184,1.73,2.79,16-Oct,18-Oct,90,21
594,SUSSUNDENGA,III,43,CML364,MOZL10,CML364 x MOZL10,8.72,163,19,3710,3105,1.82,3.42,25-Oct,26-Oct,145,18
595,SUSSUNDENGA,III,1,CML364,MOZL3,CML364 x MOZL3,7.66,144,23,4320,3302,1.81,3.4,22-Oct,23-Oct,187,33
596,SUSSUNDENGA,III,17,CML434,MOZL6,CML434 x MOZL6,8.91,167,15,2990,2507,1.84,3.43,21-Oct,26-Oct,50,13
597,SUSSUNDENGA,III,46,CML435,MOZL10,CML435 x MOZL10,6.46,121,20,3090,2422,1.65,3.37,16-Oct,18-Oct,108,28
598,SUSSUNDENGA,III,8,CML364,MOZL5,CML364 x MOZL5,9.93,186,25,5635,4655,1.994,3.38,19-Oct,21-Oct,154,26
599,SUSSUNDENGA,III,31,CML434,MOZL8,CML434 x MOZL8,6.67,125,19,2765,2377,1.58,3.27,17-Oct,23-Oct,55,21
600,SUSSUNDENGA,III,23,CML366,MOZL7,CML366 x MOZL7,8.77,164,21,4300,3453,1.68,3.41,25-Oct,28-Oct,103,30
